image,label
Battung_Ceftriaxone_1_0_0_1447,Ceftriaxone
Battung_Ceftriaxone_1_0_0_2543,Ceftriaxone
Battung_Ceftriaxone_1_0_0_2778,Ceftriaxone
Battung_Ceftriaxone_1_0_0_3185,Ceftriaxone
Battung_Ceftriaxone_1_0_0_7844,Ceftriaxone
Battung_Ceftriaxone_1_0_0_9394,Ceftriaxone
Battung_Ceftriaxone_3_0_0_1447,Ceftriaxone
Battung_Ceftriaxone_3_0_0_2543,Ceftriaxone
Battung_Ceftriaxone_3_0_0_2778,Ceftriaxone
Battung_Ceftriaxone_3_0_0_3185,Ceftriaxone
Battung_Ceftriaxone_3_0_0_7844,Ceftriaxone
Battung_Ceftriaxone_3_0_0_9394,Ceftriaxone
Battung_Chlorpromazine_1_0_0_1447,Chlorpromazine
Battung_Chlorpromazine_1_0_0_2543,Chlorpromazine
Battung_Chlorpromazine_1_0_0_2778,Chlorpromazine
Battung_Chlorpromazine_1_0_0_3185,Chlorpromazine
Battung_Chlorpromazine_1_0_0_7844,Chlorpromazine
Battung_Chlorpromazine_1_0_0_9394,Chlorpromazine
Battung_Dobutamine_1_0_0_1447,Dobutamine
Battung_Dobutamine_1_0_0_2543,Dobutamine
Battung_Dobutamine_1_0_0_2778,Dobutamine
Battung_Dobutamine_1_0_0_3185,Dobutamine
Battung_Dobutamine_1_0_0_7844,Dobutamine
Battung_Dobutamine_1_0_0_9394,Dobutamine
Battung_Dobutamine_3_0_0_1447,Dobutamine
Battung_Dobutamine_3_0_0_2543,Dobutamine
Battung_Dobutamine_3_0_0_2778,Dobutamine
Battung_Dobutamine_3_0_0_3185,Dobutamine
Battung_Dobutamine_3_0_0_7844,Dobutamine
Battung_Dobutamine_3_0_0_9394,Dobutamine
Battung_Hydroxyzine_1_0_0_1447,Hydroxyzine
Battung_Hydroxyzine_1_0_0_2543,Hydroxyzine
Battung_Hydroxyzine_1_0_0_2778,Hydroxyzine
Battung_Hydroxyzine_1_0_0_3185,Hydroxyzine
Battung_Hydroxyzine_1_0_0_7844,Hydroxyzine
Battung_Hydroxyzine_1_0_0_9394,Hydroxyzine
Battung_Lorazepam_2_0_0_1447,Lorazepam
Battung_Lorazepam_2_0_0_2543,Lorazepam
Battung_Lorazepam_2_0_0_2778,Lorazepam
Battung_Lorazepam_2_0_0_3185,Lorazepam
Battung_Lorazepam_2_0_0_7844,Lorazepam
Battung_Lorazepam_2_0_0_9394,Lorazepam
Battung_Metronidazole_1_0_0_1447,Metronidazole
Battung_Metronidazole_1_0_0_2543,Metronidazole
Battung_Metronidazole_1_0_0_2778,Metronidazole
Battung_Metronidazole_1_0_0_3185,Metronidazole
Battung_Metronidazole_1_0_0_7844,Metronidazole
Battung_Metronidazole_1_0_0_9394,Metronidazole
Battung_Metronidazole_2_0_0_1447,Metronidazole
Battung_Metronidazole_2_0_0_2543,Metronidazole
Battung_Metronidazole_2_0_0_2778,Metronidazole
Battung_Metronidazole_2_0_0_3185,Metronidazole
Battung_Metronidazole_2_0_0_7844,Metronidazole
Battung_Metronidazole_2_0_0_9394,Metronidazole
Battung_Prednisolone_3_0_0_1447,Prednisolone
Battung_Prednisolone_3_0_0_2543,Prednisolone
Battung_Prednisolone_3_0_0_2778,Prednisolone
Battung_Prednisolone_3_0_0_3185,Prednisolone
Battung_Prednisolone_3_0_0_7844,Prednisolone
Battung_Prednisolone_3_0_0_9394,Prednisolone
Battung_Quinine_1_0_0_1447,Quinine
Battung_Quinine_1_0_0_2543,Quinine
Battung_Quinine_1_0_0_2778,Quinine
Battung_Quinine_1_0_0_3185,Quinine
Battung_Quinine_1_0_0_7844,Quinine
Battung_Quinine_1_0_0_9394,Quinine
Battung_Quinine_2_0_0_1447,Quinine
Battung_Quinine_2_0_0_2543,Quinine
Battung_Quinine_2_0_0_2778,Quinine
Battung_Quinine_2_0_0_3185,Quinine
Battung_Quinine_2_0_0_7844,Quinine
Battung_Quinine_2_0_0_9394,Quinine
Battung_Quinine_3_0_0_1447,Quinine
Battung_Quinine_3_0_0_2543,Quinine
Battung_Quinine_3_0_0_2778,Quinine
Battung_Quinine_3_0_0_3185,Quinine
Battung_Quinine_3_0_0_7844,Quinine
Battung_Quinine_3_0_0_9394,Quinine
Battung_Risperidone_1_0_0_1447,Risperidone
Battung_Risperidone_1_0_0_2543,Risperidone
Battung_Risperidone_1_0_0_2778,Risperidone
Battung_Risperidone_1_0_0_3185,Risperidone
Battung_Risperidone_1_0_0_7844,Risperidone
Battung_Risperidone_1_0_0_9394,Risperidone
Battung_Risperidone_3_0_0_1447,Risperidone
Battung_Risperidone_3_0_0_2543,Risperidone
Battung_Risperidone_3_0_0_2778,Risperidone
Battung_Risperidone_3_0_0_3185,Risperidone
Battung_Risperidone_3_0_0_7844,Risperidone
Battung_Risperidone_3_0_0_9394,Risperidone
Battung_Rituximab_1_0_0_1447,Rituximab
Battung_Rituximab_1_0_0_2543,Rituximab
Battung_Rituximab_1_0_0_2778,Rituximab
Battung_Rituximab_1_0_0_3185,Rituximab
Battung_Rituximab_1_0_0_7844,Rituximab
Battung_Rituximab_1_0_0_9394,Rituximab
Battung_Tramadol_2_0_0_1447,Tramadol
Battung_Tramadol_2_0_0_2543,Tramadol
Battung_Tramadol_2_0_0_2778,Tramadol
Battung_Tramadol_2_0_0_3185,Tramadol
Battung_Tramadol_2_0_0_7844,Tramadol
Battung_Tramadol_2_0_0_9394,Tramadol
Battung_Tramadol_3_0_0_1447,Tramadol
Battung_Tramadol_3_0_0_2543,Tramadol
Battung_Tramadol_3_0_0_2778,Tramadol
Battung_Tramadol_3_0_0_3185,Tramadol
Battung_Tramadol_3_0_0_7844,Tramadol
Battung_Tramadol_3_0_0_9394,Tramadol
Dangane_Azathioprine_1 CHECK_0_0_1447,Azathioprine
Dangane_Azathioprine_1 CHECK_0_0_2543,Azathioprine
Dangane_Azathioprine_1 CHECK_0_0_2778,Azathioprine
Dangane_Azathioprine_1 CHECK_0_0_3185,Azathioprine
Dangane_Azathioprine_1 CHECK_0_0_7844,Azathioprine
Dangane_Azathioprine_1 CHECK_0_0_9394,Azathioprine
Dangane_Azathioprine_2 CHECK_0_0_1447,Azathioprine
Dangane_Azathioprine_2 CHECK_0_0_2543,Azathioprine
Dangane_Azathioprine_2 CHECK_0_0_2778,Azathioprine
Dangane_Azathioprine_2 CHECK_0_0_3185,Azathioprine
Dangane_Azathioprine_2 CHECK_0_0_7844,Azathioprine
Dangane_Azathioprine_2 CHECK_0_0_9394,Azathioprine
Dangane_Azathioprine_3 CHECK_0_0_1447,Azathioprine
Dangane_Azathioprine_3 CHECK_0_0_2543,Azathioprine
Dangane_Azathioprine_3 CHECK_0_0_2778,Azathioprine
Dangane_Azathioprine_3 CHECK_0_0_3185,Azathioprine
Dangane_Azathioprine_3 CHECK_0_0_7844,Azathioprine
Dangane_Azathioprine_3 CHECK_0_0_9394,Azathioprine
Dangane_Ceftriaxone_1 CHECK_0_0_1447,Ceftriaxone
Dangane_Ceftriaxone_1 CHECK_0_0_2543,Ceftriaxone
Dangane_Ceftriaxone_1 CHECK_0_0_2778,Ceftriaxone
Dangane_Ceftriaxone_1 CHECK_0_0_3185,Ceftriaxone
Dangane_Ceftriaxone_1 CHECK_0_0_7844,Ceftriaxone
Dangane_Ceftriaxone_1 CHECK_0_0_9394,Ceftriaxone
Dangane_Ceftriaxone_3 CHECK_0_0_1447,Ceftriaxone
Dangane_Ceftriaxone_3 CHECK_0_0_2543,Ceftriaxone
Dangane_Ceftriaxone_3 CHECK_0_0_2778,Ceftriaxone
Dangane_Ceftriaxone_3 CHECK_0_0_3185,Ceftriaxone
Dangane_Ceftriaxone_3 CHECK_0_0_7844,Ceftriaxone
Dangane_Ceftriaxone_3 CHECK_0_0_9394,Ceftriaxone
Dangane_Chlorpromazine_1 CHECK_0_0_1447,Chlorpromazine
Dangane_Chlorpromazine_1 CHECK_0_0_2543,Chlorpromazine
Dangane_Chlorpromazine_1 CHECK_0_0_2778,Chlorpromazine
Dangane_Chlorpromazine_1 CHECK_0_0_3185,Chlorpromazine
Dangane_Chlorpromazine_1 CHECK_0_0_7844,Chlorpromazine
Dangane_Chlorpromazine_1 CHECK_0_0_9394,Chlorpromazine
Dangane_Chlorpromazine_2 CHECK_0_0_1447,Chlorpromazine
Dangane_Chlorpromazine_2 CHECK_0_0_2543,Chlorpromazine
Dangane_Chlorpromazine_2 CHECK_0_0_2778,Chlorpromazine
Dangane_Chlorpromazine_2 CHECK_0_0_3185,Chlorpromazine
Dangane_Chlorpromazine_2 CHECK_0_0_7844,Chlorpromazine
Dangane_Chlorpromazine_2 CHECK_0_0_9394,Chlorpromazine
Dangane_Chlorpromazine_3 CHECK_0_0_1447,Chlorpromazine
Dangane_Chlorpromazine_3 CHECK_0_0_2543,Chlorpromazine
Dangane_Chlorpromazine_3 CHECK_0_0_2778,Chlorpromazine
Dangane_Chlorpromazine_3 CHECK_0_0_3185,Chlorpromazine
Dangane_Chlorpromazine_3 CHECK_0_0_7844,Chlorpromazine
Dangane_Chlorpromazine_3 CHECK_0_0_9394,Chlorpromazine
Dangane_Dobutamine_2 CHECK_0_0_1447,Dobutamine
Dangane_Dobutamine_2 CHECK_0_0_2543,Dobutamine
Dangane_Dobutamine_2 CHECK_0_0_2778,Dobutamine
Dangane_Dobutamine_2 CHECK_0_0_3185,Dobutamine
Dangane_Dobutamine_2 CHECK_0_0_7844,Dobutamine
Dangane_Dobutamine_2 CHECK_0_0_9394,Dobutamine
Dangane_Dobutamine_3 CHECK_0_0_1447,Dobutamine
Dangane_Dobutamine_3 CHECK_0_0_2543,Dobutamine
Dangane_Dobutamine_3 CHECK_0_0_2778,Dobutamine
Dangane_Dobutamine_3 CHECK_0_0_3185,Dobutamine
Dangane_Dobutamine_3 CHECK_0_0_7844,Dobutamine
Dangane_Dobutamine_3 CHECK_0_0_9394,Dobutamine
Dangane_Hydroxyzine_2 CHECK_0_0_1447,Hydroxyzine
Dangane_Hydroxyzine_2 CHECK_0_0_2543,Hydroxyzine
Dangane_Hydroxyzine_2 CHECK_0_0_2778,Hydroxyzine
Dangane_Hydroxyzine_2 CHECK_0_0_3185,Hydroxyzine
Dangane_Hydroxyzine_2 CHECK_0_0_7844,Hydroxyzine
Dangane_Hydroxyzine_2 CHECK_0_0_9394,Hydroxyzine
Dangane_Hydroxyzine_3 CHECK_0_0_1447,Hydroxyzine
Dangane_Hydroxyzine_3 CHECK_0_0_2543,Hydroxyzine
Dangane_Hydroxyzine_3 CHECK_0_0_2778,Hydroxyzine
Dangane_Hydroxyzine_3 CHECK_0_0_3185,Hydroxyzine
Dangane_Hydroxyzine_3 CHECK_0_0_7844,Hydroxyzine
Dangane_Hydroxyzine_3 CHECK_0_0_9394,Hydroxyzine
Dangane_Lorazepam_1 CHECK_0_0_1447,Lorazepam
Dangane_Lorazepam_1 CHECK_0_0_2543,Lorazepam
Dangane_Lorazepam_1 CHECK_0_0_2778,Lorazepam
Dangane_Lorazepam_1 CHECK_0_0_3185,Lorazepam
Dangane_Lorazepam_1 CHECK_0_0_7844,Lorazepam
Dangane_Lorazepam_1 CHECK_0_0_9394,Lorazepam
Dangane_Lorazepam_2 CHECK_0_0_1447,Lorazepam
Dangane_Lorazepam_2 CHECK_0_0_2543,Lorazepam
Dangane_Lorazepam_2 CHECK_0_0_2778,Lorazepam
Dangane_Lorazepam_2 CHECK_0_0_3185,Lorazepam
Dangane_Lorazepam_2 CHECK_0_0_7844,Lorazepam
Dangane_Lorazepam_2 CHECK_0_0_9394,Lorazepam
Dangane_Lorazepam_3 CHECK_0_0_1447,Lorazepam
Dangane_Lorazepam_3 CHECK_0_0_2543,Lorazepam
Dangane_Lorazepam_3 CHECK_0_0_2778,Lorazepam
Dangane_Lorazepam_3 CHECK_0_0_3185,Lorazepam
Dangane_Lorazepam_3 CHECK_0_0_7844,Lorazepam
Dangane_Lorazepam_3 CHECK_0_0_9394,Lorazepam
Dangane_Metronidazole_1 CHECK_0_0_1447,Metronidazole
Dangane_Metronidazole_1 CHECK_0_0_2543,Metronidazole
Dangane_Metronidazole_1 CHECK_0_0_2778,Metronidazole
Dangane_Metronidazole_1 CHECK_0_0_3185,Metronidazole
Dangane_Metronidazole_1 CHECK_0_0_7844,Metronidazole
Dangane_Metronidazole_1 CHECK_0_0_9394,Metronidazole
Dangane_Metronidazole_3 CHECK_0_0_1447,Metronidazole
Dangane_Metronidazole_3 CHECK_0_0_2543,Metronidazole
Dangane_Metronidazole_3 CHECK_0_0_2778,Metronidazole
Dangane_Metronidazole_3 CHECK_0_0_3185,Metronidazole
Dangane_Metronidazole_3 CHECK_0_0_7844,Metronidazole
Dangane_Metronidazole_3 CHECK_0_0_9394,Metronidazole
Dangane_Prednisolone_2 CHECK_0_0_1447,Prednisolone
Dangane_Prednisolone_2 CHECK_0_0_2543,Prednisolone
Dangane_Prednisolone_2 CHECK_0_0_2778,Prednisolone
Dangane_Prednisolone_2 CHECK_0_0_3185,Prednisolone
Dangane_Prednisolone_2 CHECK_0_0_7844,Prednisolone
Dangane_Prednisolone_2 CHECK_0_0_9394,Prednisolone
Dangane_Quinine_1 CHECK_0_0_1447,Quinine
Dangane_Quinine_1 CHECK_0_0_2543,Quinine
Dangane_Quinine_1 CHECK_0_0_2778,Quinine
Dangane_Quinine_1 CHECK_0_0_3185,Quinine
Dangane_Quinine_1 CHECK_0_0_7844,Quinine
Dangane_Quinine_1 CHECK_0_0_9394,Quinine
Dangane_Quinine_2 CHECK_0_0_1447,Quinine
Dangane_Quinine_2 CHECK_0_0_2543,Quinine
Dangane_Quinine_2 CHECK_0_0_2778,Quinine
Dangane_Quinine_2 CHECK_0_0_3185,Quinine
Dangane_Quinine_2 CHECK_0_0_7844,Quinine
Dangane_Quinine_2 CHECK_0_0_9394,Quinine
Dangane_Quinine_3 CHECK_0_0_1447,Quinine
Dangane_Quinine_3 CHECK_0_0_2543,Quinine
Dangane_Quinine_3 CHECK_0_0_2778,Quinine
Dangane_Quinine_3 CHECK_0_0_3185,Quinine
Dangane_Quinine_3 CHECK_0_0_7844,Quinine
Dangane_Quinine_3 CHECK_0_0_9394,Quinine
Dangane_Risperidone_1 CHECK_0_0_1447,Risperidone
Dangane_Risperidone_1 CHECK_0_0_2543,Risperidone
Dangane_Risperidone_1 CHECK_0_0_2778,Risperidone
Dangane_Risperidone_1 CHECK_0_0_3185,Risperidone
Dangane_Risperidone_1 CHECK_0_0_7844,Risperidone
Dangane_Risperidone_1 CHECK_0_0_9394,Risperidone
Dangane_Risperidone_3 CHECK_0_0_1447,Risperidone
Dangane_Risperidone_3 CHECK_0_0_2543,Risperidone
Dangane_Risperidone_3 CHECK_0_0_2778,Risperidone
Dangane_Risperidone_3 CHECK_0_0_3185,Risperidone
Dangane_Risperidone_3 CHECK_0_0_7844,Risperidone
Dangane_Risperidone_3 CHECK_0_0_9394,Risperidone
Dangane_Rituximab_3 CHECK_0_0_1447,Rituximab
Dangane_Rituximab_3 CHECK_0_0_2543,Rituximab
Dangane_Rituximab_3 CHECK_0_0_2778,Rituximab
Dangane_Rituximab_3 CHECK_0_0_3185,Rituximab
Dangane_Rituximab_3 CHECK_0_0_7844,Rituximab
Dangane_Rituximab_3 CHECK_0_0_9394,Rituximab
Dangane_Tramadol_1 CHECK_0_0_1447,Tramadol
Dangane_Tramadol_1 CHECK_0_0_2543,Tramadol
Dangane_Tramadol_1 CHECK_0_0_2778,Tramadol
Dangane_Tramadol_1 CHECK_0_0_3185,Tramadol
Dangane_Tramadol_1 CHECK_0_0_7844,Tramadol
Dangane_Tramadol_1 CHECK_0_0_9394,Tramadol
Dangane_Tramadol_2 CHECK_0_0_1447,Tramadol
Dangane_Tramadol_2 CHECK_0_0_2543,Tramadol
Dangane_Tramadol_2 CHECK_0_0_2778,Tramadol
Dangane_Tramadol_2 CHECK_0_0_3185,Tramadol
Dangane_Tramadol_2 CHECK_0_0_7844,Tramadol
Dangane_Tramadol_2 CHECK_0_0_9394,Tramadol
Dangane_Tramadol_3_0_0_1447,Tramadol
Dangane_Tramadol_3_0_0_2543,Tramadol
Dangane_Tramadol_3_0_0_2778,Tramadol
Dangane_Tramadol_3_0_0_3185,Tramadol
Dangane_Tramadol_3_0_0_7844,Tramadol
Dangane_Tramadol_3_0_0_9394,Tramadol
Dasalla_Azathioprine_1_0_0_1447,Azathioprine
Dasalla_Azathioprine_1_0_0_2543,Azathioprine
Dasalla_Azathioprine_1_0_0_2778,Azathioprine
Dasalla_Azathioprine_1_0_0_3185,Azathioprine
Dasalla_Azathioprine_1_0_0_7844,Azathioprine
Dasalla_Azathioprine_1_0_0_9394,Azathioprine
Dasalla_Azathioprine_2_0_0_1447,Azathioprine
Dasalla_Azathioprine_2_0_0_2543,Azathioprine
Dasalla_Azathioprine_2_0_0_2778,Azathioprine
Dasalla_Azathioprine_2_0_0_3185,Azathioprine
Dasalla_Azathioprine_2_0_0_7844,Azathioprine
Dasalla_Azathioprine_2_0_0_9394,Azathioprine
Dasalla_Ceftriaxone_1_0_0_1447,Ceftriaxone
Dasalla_Ceftriaxone_1_0_0_2543,Ceftriaxone
Dasalla_Ceftriaxone_1_0_0_2778,Ceftriaxone
Dasalla_Ceftriaxone_1_0_0_3185,Ceftriaxone
Dasalla_Ceftriaxone_1_0_0_7844,Ceftriaxone
Dasalla_Ceftriaxone_1_0_0_9394,Ceftriaxone
Dasalla_Ceftriaxone_2_0_0_1447,Ceftriaxone
Dasalla_Ceftriaxone_2_0_0_2543,Ceftriaxone
Dasalla_Ceftriaxone_2_0_0_2778,Ceftriaxone
Dasalla_Ceftriaxone_2_0_0_3185,Ceftriaxone
Dasalla_Ceftriaxone_2_0_0_7844,Ceftriaxone
Dasalla_Ceftriaxone_2_0_0_9394,Ceftriaxone
Dasalla_Chlorpromazine_2 CHECK_0_0_1447,Chlorpromazine
Dasalla_Chlorpromazine_2 CHECK_0_0_2543,Chlorpromazine
Dasalla_Chlorpromazine_2 CHECK_0_0_2778,Chlorpromazine
Dasalla_Chlorpromazine_2 CHECK_0_0_3185,Chlorpromazine
Dasalla_Chlorpromazine_2 CHECK_0_0_7844,Chlorpromazine
Dasalla_Chlorpromazine_2 CHECK_0_0_9394,Chlorpromazine
Dasalla_Chlorpromazine_3_0_0_1447,Chlorpromazine
Dasalla_Chlorpromazine_3_0_0_2543,Chlorpromazine
Dasalla_Chlorpromazine_3_0_0_2778,Chlorpromazine
Dasalla_Chlorpromazine_3_0_0_3185,Chlorpromazine
Dasalla_Chlorpromazine_3_0_0_7844,Chlorpromazine
Dasalla_Chlorpromazine_3_0_0_9394,Chlorpromazine
Dasalla_Dobutamine_1_0_0_1447,Dobutamine
Dasalla_Dobutamine_1_0_0_2543,Dobutamine
Dasalla_Dobutamine_1_0_0_2778,Dobutamine
Dasalla_Dobutamine_1_0_0_3185,Dobutamine
Dasalla_Dobutamine_1_0_0_7844,Dobutamine
Dasalla_Dobutamine_1_0_0_9394,Dobutamine
Dasalla_Dobutamine_3_0_0_1447,Dobutamine
Dasalla_Dobutamine_3_0_0_2543,Dobutamine
Dasalla_Dobutamine_3_0_0_2778,Dobutamine
Dasalla_Dobutamine_3_0_0_3185,Dobutamine
Dasalla_Dobutamine_3_0_0_7844,Dobutamine
Dasalla_Dobutamine_3_0_0_9394,Dobutamine
Dasalla_Hydroxyzine_2_0_0_1447,Hydroxyzine
Dasalla_Hydroxyzine_2_0_0_2543,Hydroxyzine
Dasalla_Hydroxyzine_2_0_0_2778,Hydroxyzine
Dasalla_Hydroxyzine_2_0_0_3185,Hydroxyzine
Dasalla_Hydroxyzine_2_0_0_7844,Hydroxyzine
Dasalla_Hydroxyzine_2_0_0_9394,Hydroxyzine
Dasalla_Hydroxyzine_3_0_0_1447,Hydroxyzine
Dasalla_Hydroxyzine_3_0_0_2543,Hydroxyzine
Dasalla_Hydroxyzine_3_0_0_2778,Hydroxyzine
Dasalla_Hydroxyzine_3_0_0_3185,Hydroxyzine
Dasalla_Hydroxyzine_3_0_0_7844,Hydroxyzine
Dasalla_Hydroxyzine_3_0_0_9394,Hydroxyzine
Dasalla_Metronidazole_1_0_0_1447,Metronidazole
Dasalla_Metronidazole_1_0_0_2543,Metronidazole
Dasalla_Metronidazole_1_0_0_2778,Metronidazole
Dasalla_Metronidazole_1_0_0_3185,Metronidazole
Dasalla_Metronidazole_1_0_0_7844,Metronidazole
Dasalla_Metronidazole_1_0_0_9394,Metronidazole
Dasalla_Prednisolone_2_0_0_1447,Prednisolone
Dasalla_Prednisolone_2_0_0_2543,Prednisolone
Dasalla_Prednisolone_2_0_0_2778,Prednisolone
Dasalla_Prednisolone_2_0_0_3185,Prednisolone
Dasalla_Prednisolone_2_0_0_7844,Prednisolone
Dasalla_Prednisolone_2_0_0_9394,Prednisolone
Dasalla_Prednisolone_3_0_0_1447,Prednisolone
Dasalla_Prednisolone_3_0_0_2543,Prednisolone
Dasalla_Prednisolone_3_0_0_2778,Prednisolone
Dasalla_Prednisolone_3_0_0_3185,Prednisolone
Dasalla_Prednisolone_3_0_0_7844,Prednisolone
Dasalla_Prednisolone_3_0_0_9394,Prednisolone
Dasalla_Quinine_1_0_0_1447,Quinine
Dasalla_Quinine_1_0_0_2543,Quinine
Dasalla_Quinine_1_0_0_2778,Quinine
Dasalla_Quinine_1_0_0_3185,Quinine
Dasalla_Quinine_1_0_0_7844,Quinine
Dasalla_Quinine_1_0_0_9394,Quinine
Dasalla_Quinine_2 CHECK_0_0_1447,Quinine
Dasalla_Quinine_2 CHECK_0_0_2543,Quinine
Dasalla_Quinine_2 CHECK_0_0_2778,Quinine
Dasalla_Quinine_2 CHECK_0_0_3185,Quinine
Dasalla_Quinine_2 CHECK_0_0_7844,Quinine
Dasalla_Quinine_2 CHECK_0_0_9394,Quinine
Dasalla_Quinine_3_0_0_1447,Quinine
Dasalla_Quinine_3_0_0_2543,Quinine
Dasalla_Quinine_3_0_0_2778,Quinine
Dasalla_Quinine_3_0_0_3185,Quinine
Dasalla_Quinine_3_0_0_7844,Quinine
Dasalla_Quinine_3_0_0_9394,Quinine
Dasalla_Rituximab_1_0_0_1447,Rituximab
Dasalla_Rituximab_1_0_0_2543,Rituximab
Dasalla_Rituximab_1_0_0_2778,Rituximab
Dasalla_Rituximab_1_0_0_3185,Rituximab
Dasalla_Rituximab_1_0_0_7844,Rituximab
Dasalla_Rituximab_1_0_0_9394,Rituximab
Dasalla_Rituximab_2_0_0_1447,Rituximab
Dasalla_Rituximab_2_0_0_2543,Rituximab
Dasalla_Rituximab_2_0_0_2778,Rituximab
Dasalla_Rituximab_2_0_0_3185,Rituximab
Dasalla_Rituximab_2_0_0_7844,Rituximab
Dasalla_Rituximab_2_0_0_9394,Rituximab
Dasalla_Rituximab_3_0_0_1447,Rituximab
Dasalla_Rituximab_3_0_0_2543,Rituximab
Dasalla_Rituximab_3_0_0_2778,Rituximab
Dasalla_Rituximab_3_0_0_3185,Rituximab
Dasalla_Rituximab_3_0_0_7844,Rituximab
Dasalla_Rituximab_3_0_0_9394,Rituximab
Dasalla_Tramadol_2_0_0_1447,Tramadol
Dasalla_Tramadol_2_0_0_2543,Tramadol
Dasalla_Tramadol_2_0_0_2778,Tramadol
Dasalla_Tramadol_2_0_0_3185,Tramadol
Dasalla_Tramadol_2_0_0_7844,Tramadol
Dasalla_Tramadol_2_0_0_9394,Tramadol
Dasalla_Tramadol_3_0_0_1447,Tramadol
Dasalla_Tramadol_3_0_0_2543,Tramadol
Dasalla_Tramadol_3_0_0_2778,Tramadol
Dasalla_Tramadol_3_0_0_3185,Tramadol
Dasalla_Tramadol_3_0_0_7844,Tramadol
Dasalla_Tramadol_3_0_0_9394,Tramadol
DeLosSantos_Ceftriaxone_1_0_0_1447,Ceftriaxone
DeLosSantos_Ceftriaxone_1_0_0_2543,Ceftriaxone
DeLosSantos_Ceftriaxone_1_0_0_2778,Ceftriaxone
DeLosSantos_Ceftriaxone_1_0_0_3185,Ceftriaxone
DeLosSantos_Ceftriaxone_1_0_0_7844,Ceftriaxone
DeLosSantos_Ceftriaxone_1_0_0_9394,Ceftriaxone
DeLosSantos_Dobutamine_1_0_0_1447,Dobutamine
DeLosSantos_Dobutamine_1_0_0_2543,Dobutamine
DeLosSantos_Dobutamine_1_0_0_2778,Dobutamine
DeLosSantos_Dobutamine_1_0_0_3185,Dobutamine
DeLosSantos_Dobutamine_1_0_0_7844,Dobutamine
DeLosSantos_Dobutamine_1_0_0_9394,Dobutamine
DeLosSantos_Lorazepam_1 CHECK_0_0_1447,Lorazepam
DeLosSantos_Lorazepam_1 CHECK_0_0_2543,Lorazepam
DeLosSantos_Lorazepam_1 CHECK_0_0_2778,Lorazepam
DeLosSantos_Lorazepam_1 CHECK_0_0_3185,Lorazepam
DeLosSantos_Lorazepam_1 CHECK_0_0_7844,Lorazepam
DeLosSantos_Lorazepam_1 CHECK_0_0_9394,Lorazepam
DeLosSantos_Prednisolone_1_0_0_1447,Prednisolone
DeLosSantos_Prednisolone_1_0_0_2543,Prednisolone
DeLosSantos_Prednisolone_1_0_0_2778,Prednisolone
DeLosSantos_Prednisolone_1_0_0_3185,Prednisolone
DeLosSantos_Prednisolone_1_0_0_7844,Prednisolone
DeLosSantos_Prednisolone_1_0_0_9394,Prednisolone
DeLosSantos_Risperidone_1_0_0_1447,Risperidone
DeLosSantos_Risperidone_1_0_0_2543,Risperidone
DeLosSantos_Risperidone_1_0_0_2778,Risperidone
DeLosSantos_Risperidone_1_0_0_3185,Risperidone
DeLosSantos_Risperidone_1_0_0_7844,Risperidone
DeLosSantos_Risperidone_1_0_0_9394,Risperidone
DeLosSantos_Rituximab_1_0_0_1447,Rituximab
DeLosSantos_Rituximab_1_0_0_2543,Rituximab
DeLosSantos_Rituximab_1_0_0_2778,Rituximab
DeLosSantos_Rituximab_1_0_0_3185,Rituximab
DeLosSantos_Rituximab_1_0_0_7844,Rituximab
DeLosSantos_Rituximab_1_0_0_9394,Rituximab
DeLosSantos_Tramadol_1_0_0_1447,Tramadol
DeLosSantos_Tramadol_1_0_0_2543,Tramadol
DeLosSantos_Tramadol_1_0_0_2778,Tramadol
DeLosSantos_Tramadol_1_0_0_3185,Tramadol
DeLosSantos_Tramadol_1_0_0_7844,Tramadol
DeLosSantos_Tramadol_1_0_0_9394,Tramadol
Ferraren_Azathioprine_3_0_0_1447,Azathioprine
Ferraren_Azathioprine_3_0_0_2543,Azathioprine
Ferraren_Azathioprine_3_0_0_2778,Azathioprine
Ferraren_Azathioprine_3_0_0_3185,Azathioprine
Ferraren_Azathioprine_3_0_0_7844,Azathioprine
Ferraren_Azathioprine_3_0_0_9394,Azathioprine
Ferraren_Ceftriaxone_1_0_0_1447,Ceftriaxone
Ferraren_Ceftriaxone_1_0_0_2543,Ceftriaxone
Ferraren_Ceftriaxone_1_0_0_2778,Ceftriaxone
Ferraren_Ceftriaxone_1_0_0_3185,Ceftriaxone
Ferraren_Ceftriaxone_1_0_0_7844,Ceftriaxone
Ferraren_Ceftriaxone_1_0_0_9394,Ceftriaxone
Ferraren_Ceftriaxone_2_0_0_1447,Ceftriaxone
Ferraren_Ceftriaxone_2_0_0_2543,Ceftriaxone
Ferraren_Ceftriaxone_2_0_0_2778,Ceftriaxone
Ferraren_Ceftriaxone_2_0_0_3185,Ceftriaxone
Ferraren_Ceftriaxone_2_0_0_7844,Ceftriaxone
Ferraren_Ceftriaxone_2_0_0_9394,Ceftriaxone
Ferraren_Ceftriaxone_3_0_0_1447,Ceftriaxone
Ferraren_Ceftriaxone_3_0_0_2543,Ceftriaxone
Ferraren_Ceftriaxone_3_0_0_2778,Ceftriaxone
Ferraren_Ceftriaxone_3_0_0_3185,Ceftriaxone
Ferraren_Ceftriaxone_3_0_0_7844,Ceftriaxone
Ferraren_Ceftriaxone_3_0_0_9394,Ceftriaxone
Ferraren_Chlorpromazine_2_0_0_1447,Chlorpromazine
Ferraren_Chlorpromazine_2_0_0_2543,Chlorpromazine
Ferraren_Chlorpromazine_2_0_0_2778,Chlorpromazine
Ferraren_Chlorpromazine_2_0_0_3185,Chlorpromazine
Ferraren_Chlorpromazine_2_0_0_7844,Chlorpromazine
Ferraren_Chlorpromazine_2_0_0_9394,Chlorpromazine
Ferraren_Chlorpromazine_3_0_0_1447,Chlorpromazine
Ferraren_Chlorpromazine_3_0_0_2543,Chlorpromazine
Ferraren_Chlorpromazine_3_0_0_2778,Chlorpromazine
Ferraren_Chlorpromazine_3_0_0_3185,Chlorpromazine
Ferraren_Chlorpromazine_3_0_0_7844,Chlorpromazine
Ferraren_Chlorpromazine_3_0_0_9394,Chlorpromazine
Ferraren_Dobutamine_1_0_0_1447,Dobutamine
Ferraren_Dobutamine_1_0_0_2543,Dobutamine
Ferraren_Dobutamine_1_0_0_2778,Dobutamine
Ferraren_Dobutamine_1_0_0_3185,Dobutamine
Ferraren_Dobutamine_1_0_0_7844,Dobutamine
Ferraren_Dobutamine_1_0_0_9394,Dobutamine
Ferraren_Dobutamine_2_0_0_1447,Dobutamine
Ferraren_Dobutamine_2_0_0_2543,Dobutamine
Ferraren_Dobutamine_2_0_0_2778,Dobutamine
Ferraren_Dobutamine_2_0_0_3185,Dobutamine
Ferraren_Dobutamine_2_0_0_7844,Dobutamine
Ferraren_Dobutamine_2_0_0_9394,Dobutamine
Ferraren_Dobutamine_3_0_0_1447,Dobutamine
Ferraren_Dobutamine_3_0_0_2543,Dobutamine
Ferraren_Dobutamine_3_0_0_2778,Dobutamine
Ferraren_Dobutamine_3_0_0_3185,Dobutamine
Ferraren_Dobutamine_3_0_0_7844,Dobutamine
Ferraren_Dobutamine_3_0_0_9394,Dobutamine
Ferraren_Hydroxyzine_2_0_0_1447,Hydroxyzine
Ferraren_Hydroxyzine_2_0_0_2543,Hydroxyzine
Ferraren_Hydroxyzine_2_0_0_2778,Hydroxyzine
Ferraren_Hydroxyzine_2_0_0_3185,Hydroxyzine
Ferraren_Hydroxyzine_2_0_0_7844,Hydroxyzine
Ferraren_Hydroxyzine_2_0_0_9394,Hydroxyzine
Ferraren_Lorazepam_2_0_0_1447,Lorazepam
Ferraren_Lorazepam_2_0_0_2543,Lorazepam
Ferraren_Lorazepam_2_0_0_2778,Lorazepam
Ferraren_Lorazepam_2_0_0_3185,Lorazepam
Ferraren_Lorazepam_2_0_0_7844,Lorazepam
Ferraren_Lorazepam_2_0_0_9394,Lorazepam
Ferraren_Lorazepam_3_0_0_1447,Lorazepam
Ferraren_Lorazepam_3_0_0_2543,Lorazepam
Ferraren_Lorazepam_3_0_0_2778,Lorazepam
Ferraren_Lorazepam_3_0_0_3185,Lorazepam
Ferraren_Lorazepam_3_0_0_7844,Lorazepam
Ferraren_Lorazepam_3_0_0_9394,Lorazepam
Ferraren_Metronidazole_3_0_0_1447,Metronidazole
Ferraren_Metronidazole_3_0_0_2543,Metronidazole
Ferraren_Metronidazole_3_0_0_2778,Metronidazole
Ferraren_Metronidazole_3_0_0_3185,Metronidazole
Ferraren_Metronidazole_3_0_0_7844,Metronidazole
Ferraren_Metronidazole_3_0_0_9394,Metronidazole
Ferraren_Prednisolone_1_0_0_1447,Prednisolone
Ferraren_Prednisolone_1_0_0_2543,Prednisolone
Ferraren_Prednisolone_1_0_0_2778,Prednisolone
Ferraren_Prednisolone_1_0_0_3185,Prednisolone
Ferraren_Prednisolone_1_0_0_7844,Prednisolone
Ferraren_Prednisolone_1_0_0_9394,Prednisolone
Ferraren_Prednisolone_2_0_0_1447,Prednisolone
Ferraren_Prednisolone_2_0_0_2543,Prednisolone
Ferraren_Prednisolone_2_0_0_2778,Prednisolone
Ferraren_Prednisolone_2_0_0_3185,Prednisolone
Ferraren_Prednisolone_2_0_0_7844,Prednisolone
Ferraren_Prednisolone_2_0_0_9394,Prednisolone
Ferraren_Prednisolone_3_0_0_1447,Prednisolone
Ferraren_Prednisolone_3_0_0_2543,Prednisolone
Ferraren_Prednisolone_3_0_0_2778,Prednisolone
Ferraren_Prednisolone_3_0_0_3185,Prednisolone
Ferraren_Prednisolone_3_0_0_7844,Prednisolone
Ferraren_Prednisolone_3_0_0_9394,Prednisolone
Ferraren_Quinine_1_0_0_1447,Quinine
Ferraren_Quinine_1_0_0_2543,Quinine
Ferraren_Quinine_1_0_0_2778,Quinine
Ferraren_Quinine_1_0_0_3185,Quinine
Ferraren_Quinine_1_0_0_7844,Quinine
Ferraren_Quinine_1_0_0_9394,Quinine
Ferraren_Quinine_2 _0_0_1447,Quinine
Ferraren_Quinine_2 _0_0_2543,Quinine
Ferraren_Quinine_2 _0_0_2778,Quinine
Ferraren_Quinine_2 _0_0_3185,Quinine
Ferraren_Quinine_2 _0_0_7844,Quinine
Ferraren_Quinine_2 _0_0_9394,Quinine
Ferraren_Quinine_3 _0_0_1447,Quinine
Ferraren_Quinine_3 _0_0_2543,Quinine
Ferraren_Quinine_3 _0_0_2778,Quinine
Ferraren_Quinine_3 _0_0_3185,Quinine
Ferraren_Quinine_3 _0_0_7844,Quinine
Ferraren_Quinine_3 _0_0_9394,Quinine
Ferraren_Risperidone_2_0_0_1447,Risperidone
Ferraren_Risperidone_2_0_0_2543,Risperidone
Ferraren_Risperidone_2_0_0_2778,Risperidone
Ferraren_Risperidone_2_0_0_3185,Risperidone
Ferraren_Risperidone_2_0_0_7844,Risperidone
Ferraren_Risperidone_2_0_0_9394,Risperidone
Ferraren_Risperidone_3_0_0_1447,Risperidone
Ferraren_Risperidone_3_0_0_2543,Risperidone
Ferraren_Risperidone_3_0_0_2778,Risperidone
Ferraren_Risperidone_3_0_0_3185,Risperidone
Ferraren_Risperidone_3_0_0_7844,Risperidone
Ferraren_Risperidone_3_0_0_9394,Risperidone
Ferraren_Rituximab_1_0_0_1447,Rituximab
Ferraren_Rituximab_1_0_0_2543,Rituximab
Ferraren_Rituximab_1_0_0_2778,Rituximab
Ferraren_Rituximab_1_0_0_3185,Rituximab
Ferraren_Rituximab_1_0_0_7844,Rituximab
Ferraren_Rituximab_1_0_0_9394,Rituximab
Ferraren_Tramadol_1_0_0_1447,Tramadol
Ferraren_Tramadol_1_0_0_2543,Tramadol
Ferraren_Tramadol_1_0_0_2778,Tramadol
Ferraren_Tramadol_1_0_0_3185,Tramadol
Ferraren_Tramadol_1_0_0_7844,Tramadol
Ferraren_Tramadol_1_0_0_9394,Tramadol
Fong_Azathioprine_2_0_0_1447,Azathioprine
Fong_Azathioprine_2_0_0_2543,Azathioprine
Fong_Azathioprine_2_0_0_2778,Azathioprine
Fong_Azathioprine_2_0_0_3185,Azathioprine
Fong_Azathioprine_2_0_0_7844,Azathioprine
Fong_Azathioprine_2_0_0_9394,Azathioprine
Fong_Azathioprine_3_0_0_1447,Azathioprine
Fong_Azathioprine_3_0_0_2543,Azathioprine
Fong_Azathioprine_3_0_0_2778,Azathioprine
Fong_Azathioprine_3_0_0_3185,Azathioprine
Fong_Azathioprine_3_0_0_7844,Azathioprine
Fong_Azathioprine_3_0_0_9394,Azathioprine
Fong_Ceftriaxone_1_0_0_1447,Ceftriaxone
Fong_Ceftriaxone_1_0_0_2543,Ceftriaxone
Fong_Ceftriaxone_1_0_0_2778,Ceftriaxone
Fong_Ceftriaxone_1_0_0_3185,Ceftriaxone
Fong_Ceftriaxone_1_0_0_7844,Ceftriaxone
Fong_Ceftriaxone_1_0_0_9394,Ceftriaxone
Fong_Ceftriaxone_2_0_0_1447,Ceftriaxone
Fong_Ceftriaxone_2_0_0_2543,Ceftriaxone
Fong_Ceftriaxone_2_0_0_2778,Ceftriaxone
Fong_Ceftriaxone_2_0_0_3185,Ceftriaxone
Fong_Ceftriaxone_2_0_0_7844,Ceftriaxone
Fong_Ceftriaxone_2_0_0_9394,Ceftriaxone
Fong_Ceftriaxone_3_0_0_1447,Ceftriaxone
Fong_Ceftriaxone_3_0_0_2543,Ceftriaxone
Fong_Ceftriaxone_3_0_0_2778,Ceftriaxone
Fong_Ceftriaxone_3_0_0_3185,Ceftriaxone
Fong_Ceftriaxone_3_0_0_7844,Ceftriaxone
Fong_Ceftriaxone_3_0_0_9394,Ceftriaxone
Fong_Chlorpromazine_1_0_0_1447,Chlorpromazine
Fong_Chlorpromazine_1_0_0_2543,Chlorpromazine
Fong_Chlorpromazine_1_0_0_2778,Chlorpromazine
Fong_Chlorpromazine_1_0_0_3185,Chlorpromazine
Fong_Chlorpromazine_1_0_0_7844,Chlorpromazine
Fong_Chlorpromazine_1_0_0_9394,Chlorpromazine
Fong_Chlorpromazine_2 CHECK_0_0_1447,Chlorpromazine
Fong_Chlorpromazine_2 CHECK_0_0_2543,Chlorpromazine
Fong_Chlorpromazine_2 CHECK_0_0_2778,Chlorpromazine
Fong_Chlorpromazine_2 CHECK_0_0_3185,Chlorpromazine
Fong_Chlorpromazine_2 CHECK_0_0_7844,Chlorpromazine
Fong_Chlorpromazine_2 CHECK_0_0_9394,Chlorpromazine
Fong_Dobutamine_2 CHECK_0_0_1447,Dobutamine
Fong_Dobutamine_2 CHECK_0_0_2543,Dobutamine
Fong_Dobutamine_2 CHECK_0_0_2778,Dobutamine
Fong_Dobutamine_2 CHECK_0_0_3185,Dobutamine
Fong_Dobutamine_2 CHECK_0_0_7844,Dobutamine
Fong_Dobutamine_2 CHECK_0_0_9394,Dobutamine
Fong_Dobutamine_3 CHECK_0_0_1447,Dobutamine
Fong_Dobutamine_3 CHECK_0_0_2543,Dobutamine
Fong_Dobutamine_3 CHECK_0_0_2778,Dobutamine
Fong_Dobutamine_3 CHECK_0_0_3185,Dobutamine
Fong_Dobutamine_3 CHECK_0_0_7844,Dobutamine
Fong_Dobutamine_3 CHECK_0_0_9394,Dobutamine
Fong_Hydroxyzine_1_0_0_1447,Hydroxyzine
Fong_Hydroxyzine_1_0_0_2543,Hydroxyzine
Fong_Hydroxyzine_1_0_0_2778,Hydroxyzine
Fong_Hydroxyzine_1_0_0_3185,Hydroxyzine
Fong_Hydroxyzine_1_0_0_7844,Hydroxyzine
Fong_Hydroxyzine_1_0_0_9394,Hydroxyzine
Fong_Hydroxyzine_2 CHECK_0_0_1447,Hydroxyzine
Fong_Hydroxyzine_2 CHECK_0_0_2543,Hydroxyzine
Fong_Hydroxyzine_2 CHECK_0_0_2778,Hydroxyzine
Fong_Hydroxyzine_2 CHECK_0_0_3185,Hydroxyzine
Fong_Hydroxyzine_2 CHECK_0_0_7844,Hydroxyzine
Fong_Hydroxyzine_2 CHECK_0_0_9394,Hydroxyzine
Fong_Lorazepam_1_0_0_1447,Lorazepam
Fong_Lorazepam_1_0_0_2543,Lorazepam
Fong_Lorazepam_1_0_0_2778,Lorazepam
Fong_Lorazepam_1_0_0_3185,Lorazepam
Fong_Lorazepam_1_0_0_7844,Lorazepam
Fong_Lorazepam_1_0_0_9394,Lorazepam
Fong_Lorazepam_2 CHECK_0_0_1447,Lorazepam
Fong_Lorazepam_2 CHECK_0_0_2543,Lorazepam
Fong_Lorazepam_2 CHECK_0_0_2778,Lorazepam
Fong_Lorazepam_2 CHECK_0_0_3185,Lorazepam
Fong_Lorazepam_2 CHECK_0_0_7844,Lorazepam
Fong_Lorazepam_2 CHECK_0_0_9394,Lorazepam
Fong_Lorazepam_3 CHECK_0_0_1447,Lorazepam
Fong_Lorazepam_3 CHECK_0_0_2543,Lorazepam
Fong_Lorazepam_3 CHECK_0_0_2778,Lorazepam
Fong_Lorazepam_3 CHECK_0_0_3185,Lorazepam
Fong_Lorazepam_3 CHECK_0_0_7844,Lorazepam
Fong_Lorazepam_3 CHECK_0_0_9394,Lorazepam
Fong_Metronidazole_1_0_0_1447,Metronidazole
Fong_Metronidazole_1_0_0_2543,Metronidazole
Fong_Metronidazole_1_0_0_2778,Metronidazole
Fong_Metronidazole_1_0_0_3185,Metronidazole
Fong_Metronidazole_1_0_0_7844,Metronidazole
Fong_Metronidazole_1_0_0_9394,Metronidazole
Fong_Metronidazole_2 CHECK_0_0_1447,Metronidazole
Fong_Metronidazole_2 CHECK_0_0_2543,Metronidazole
Fong_Metronidazole_2 CHECK_0_0_2778,Metronidazole
Fong_Metronidazole_2 CHECK_0_0_3185,Metronidazole
Fong_Metronidazole_2 CHECK_0_0_7844,Metronidazole
Fong_Metronidazole_2 CHECK_0_0_9394,Metronidazole
Fong_Metronidazole_3 CHECK_0_0_1447,Metronidazole
Fong_Metronidazole_3 CHECK_0_0_2543,Metronidazole
Fong_Metronidazole_3 CHECK_0_0_2778,Metronidazole
Fong_Metronidazole_3 CHECK_0_0_3185,Metronidazole
Fong_Metronidazole_3 CHECK_0_0_7844,Metronidazole
Fong_Metronidazole_3 CHECK_0_0_9394,Metronidazole
Fong_Prednisolone_1_0_0_1447,Prednisolone
Fong_Prednisolone_1_0_0_2543,Prednisolone
Fong_Prednisolone_1_0_0_2778,Prednisolone
Fong_Prednisolone_1_0_0_3185,Prednisolone
Fong_Prednisolone_1_0_0_7844,Prednisolone
Fong_Prednisolone_1_0_0_9394,Prednisolone
Fong_Prednisolone_2 CHECK_0_0_1447,Prednisolone
Fong_Prednisolone_2 CHECK_0_0_2543,Prednisolone
Fong_Prednisolone_2 CHECK_0_0_2778,Prednisolone
Fong_Prednisolone_2 CHECK_0_0_3185,Prednisolone
Fong_Prednisolone_2 CHECK_0_0_7844,Prednisolone
Fong_Prednisolone_2 CHECK_0_0_9394,Prednisolone
Fong_Prednisolone_3 CHECK_0_0_1447,Prednisolone
Fong_Prednisolone_3 CHECK_0_0_2543,Prednisolone
Fong_Prednisolone_3 CHECK_0_0_2778,Prednisolone
Fong_Prednisolone_3 CHECK_0_0_3185,Prednisolone
Fong_Prednisolone_3 CHECK_0_0_7844,Prednisolone
Fong_Prednisolone_3 CHECK_0_0_9394,Prednisolone
Fong_Quinine_1_0_0_1447,Quinine
Fong_Quinine_1_0_0_2543,Quinine
Fong_Quinine_1_0_0_2778,Quinine
Fong_Quinine_1_0_0_3185,Quinine
Fong_Quinine_1_0_0_7844,Quinine
Fong_Quinine_1_0_0_9394,Quinine
Fong_Quinine_3 CHECK_0_0_1447,Quinine
Fong_Quinine_3 CHECK_0_0_2543,Quinine
Fong_Quinine_3 CHECK_0_0_2778,Quinine
Fong_Quinine_3 CHECK_0_0_3185,Quinine
Fong_Quinine_3 CHECK_0_0_7844,Quinine
Fong_Quinine_3 CHECK_0_0_9394,Quinine
Fong_Risperidone_1_0_0_1447,Risperidone
Fong_Risperidone_1_0_0_2543,Risperidone
Fong_Risperidone_1_0_0_2778,Risperidone
Fong_Risperidone_1_0_0_3185,Risperidone
Fong_Risperidone_1_0_0_7844,Risperidone
Fong_Risperidone_1_0_0_9394,Risperidone
Fong_Risperidone_2 CHECK_0_0_1447,Risperidone
Fong_Risperidone_2 CHECK_0_0_2543,Risperidone
Fong_Risperidone_2 CHECK_0_0_2778,Risperidone
Fong_Risperidone_2 CHECK_0_0_3185,Risperidone
Fong_Risperidone_2 CHECK_0_0_7844,Risperidone
Fong_Risperidone_2 CHECK_0_0_9394,Risperidone
Fong_Risperidone_3 CHECK_0_0_1447,Risperidone
Fong_Risperidone_3 CHECK_0_0_2543,Risperidone
Fong_Risperidone_3 CHECK_0_0_2778,Risperidone
Fong_Risperidone_3 CHECK_0_0_3185,Risperidone
Fong_Risperidone_3 CHECK_0_0_7844,Risperidone
Fong_Risperidone_3 CHECK_0_0_9394,Risperidone
Fong_Rituximab_1_0_0_1447,Rituximab
Fong_Rituximab_1_0_0_2543,Rituximab
Fong_Rituximab_1_0_0_2778,Rituximab
Fong_Rituximab_1_0_0_3185,Rituximab
Fong_Rituximab_1_0_0_7844,Rituximab
Fong_Rituximab_1_0_0_9394,Rituximab
Fong_Rituximab_3 CHECK_0_0_1447,Rituximab
Fong_Rituximab_3 CHECK_0_0_2543,Rituximab
Fong_Rituximab_3 CHECK_0_0_2778,Rituximab
Fong_Rituximab_3 CHECK_0_0_3185,Rituximab
Fong_Rituximab_3 CHECK_0_0_7844,Rituximab
Fong_Rituximab_3 CHECK_0_0_9394,Rituximab
Fong_Tramadol_3 CHECK_0_0_1447,Tramadol
Fong_Tramadol_3 CHECK_0_0_2543,Tramadol
Fong_Tramadol_3 CHECK_0_0_2778,Tramadol
Fong_Tramadol_3 CHECK_0_0_3185,Tramadol
Fong_Tramadol_3 CHECK_0_0_7844,Tramadol
Fong_Tramadol_3 CHECK_0_0_9394,Tramadol
Isip_Azathioprine_1 CHECK_0_0_1447,Azathioprine
Isip_Azathioprine_1 CHECK_0_0_2543,Azathioprine
Isip_Azathioprine_1 CHECK_0_0_2778,Azathioprine
Isip_Azathioprine_1 CHECK_0_0_3185,Azathioprine
Isip_Azathioprine_1 CHECK_0_0_7844,Azathioprine
Isip_Azathioprine_1 CHECK_0_0_9394,Azathioprine
Isip_Azathioprine_3 CHECK_0_0_1447,Azathioprine
Isip_Azathioprine_3 CHECK_0_0_2543,Azathioprine
Isip_Azathioprine_3 CHECK_0_0_2778,Azathioprine
Isip_Azathioprine_3 CHECK_0_0_3185,Azathioprine
Isip_Azathioprine_3 CHECK_0_0_7844,Azathioprine
Isip_Azathioprine_3 CHECK_0_0_9394,Azathioprine
Isip_Ceftriaxone_2 CHECK_0_0_1447,Ceftriaxone
Isip_Ceftriaxone_2 CHECK_0_0_2543,Ceftriaxone
Isip_Ceftriaxone_2 CHECK_0_0_2778,Ceftriaxone
Isip_Ceftriaxone_2 CHECK_0_0_3185,Ceftriaxone
Isip_Ceftriaxone_2 CHECK_0_0_7844,Ceftriaxone
Isip_Ceftriaxone_2 CHECK_0_0_9394,Ceftriaxone
Isip_Chlorpromazine_3 CHECK_0_0_1447,Chlorpromazine
Isip_Chlorpromazine_3 CHECK_0_0_2543,Chlorpromazine
Isip_Chlorpromazine_3 CHECK_0_0_2778,Chlorpromazine
Isip_Chlorpromazine_3 CHECK_0_0_3185,Chlorpromazine
Isip_Chlorpromazine_3 CHECK_0_0_7844,Chlorpromazine
Isip_Chlorpromazine_3 CHECK_0_0_9394,Chlorpromazine
Isip_Dobutamine_3 CHECK_0_0_1447,Dobutamine
Isip_Dobutamine_3 CHECK_0_0_2543,Dobutamine
Isip_Dobutamine_3 CHECK_0_0_2778,Dobutamine
Isip_Dobutamine_3 CHECK_0_0_3185,Dobutamine
Isip_Dobutamine_3 CHECK_0_0_7844,Dobutamine
Isip_Dobutamine_3 CHECK_0_0_9394,Dobutamine
Isip_Hydroxyzine_1 CHECK_0_0_1447,Hydroxyzine
Isip_Hydroxyzine_1 CHECK_0_0_2543,Hydroxyzine
Isip_Hydroxyzine_1 CHECK_0_0_2778,Hydroxyzine
Isip_Hydroxyzine_1 CHECK_0_0_3185,Hydroxyzine
Isip_Hydroxyzine_1 CHECK_0_0_7844,Hydroxyzine
Isip_Hydroxyzine_1 CHECK_0_0_9394,Hydroxyzine
Isip_Hydroxyzine_2 CHECK_0_0_1447,Hydroxyzine
Isip_Hydroxyzine_2 CHECK_0_0_2543,Hydroxyzine
Isip_Hydroxyzine_2 CHECK_0_0_2778,Hydroxyzine
Isip_Hydroxyzine_2 CHECK_0_0_3185,Hydroxyzine
Isip_Hydroxyzine_2 CHECK_0_0_7844,Hydroxyzine
Isip_Hydroxyzine_2 CHECK_0_0_9394,Hydroxyzine
Isip_Lorazepam_1 CHECK_0_0_1447,Lorazepam
Isip_Lorazepam_1 CHECK_0_0_2543,Lorazepam
Isip_Lorazepam_1 CHECK_0_0_2778,Lorazepam
Isip_Lorazepam_1 CHECK_0_0_3185,Lorazepam
Isip_Lorazepam_1 CHECK_0_0_7844,Lorazepam
Isip_Lorazepam_1 CHECK_0_0_9394,Lorazepam
Isip_Lorazepam_3 CHECK_0_0_1447,Lorazepam
Isip_Lorazepam_3 CHECK_0_0_2543,Lorazepam
Isip_Lorazepam_3 CHECK_0_0_2778,Lorazepam
Isip_Lorazepam_3 CHECK_0_0_3185,Lorazepam
Isip_Lorazepam_3 CHECK_0_0_7844,Lorazepam
Isip_Lorazepam_3 CHECK_0_0_9394,Lorazepam
Isip_Metronidazole_1 CHECK_0_0_1447,Metronidazole
Isip_Metronidazole_1 CHECK_0_0_2543,Metronidazole
Isip_Metronidazole_1 CHECK_0_0_2778,Metronidazole
Isip_Metronidazole_1 CHECK_0_0_3185,Metronidazole
Isip_Metronidazole_1 CHECK_0_0_7844,Metronidazole
Isip_Metronidazole_1 CHECK_0_0_9394,Metronidazole
Isip_Metronidazole_2 CHECK_0_0_1447,Metronidazole
Isip_Metronidazole_2 CHECK_0_0_2543,Metronidazole
Isip_Metronidazole_2 CHECK_0_0_2778,Metronidazole
Isip_Metronidazole_2 CHECK_0_0_3185,Metronidazole
Isip_Metronidazole_2 CHECK_0_0_7844,Metronidazole
Isip_Metronidazole_2 CHECK_0_0_9394,Metronidazole
Isip_Metronidazole_3 CHECK_0_0_1447,Metronidazole
Isip_Metronidazole_3 CHECK_0_0_2543,Metronidazole
Isip_Metronidazole_3 CHECK_0_0_2778,Metronidazole
Isip_Metronidazole_3 CHECK_0_0_3185,Metronidazole
Isip_Metronidazole_3 CHECK_0_0_7844,Metronidazole
Isip_Metronidazole_3 CHECK_0_0_9394,Metronidazole
Isip_Prednisolone_2 CHECK_0_0_1447,Prednisolone
Isip_Prednisolone_2 CHECK_0_0_2543,Prednisolone
Isip_Prednisolone_2 CHECK_0_0_2778,Prednisolone
Isip_Prednisolone_2 CHECK_0_0_3185,Prednisolone
Isip_Prednisolone_2 CHECK_0_0_7844,Prednisolone
Isip_Prednisolone_2 CHECK_0_0_9394,Prednisolone
Isip_Quinine_3 CHECK_0_0_1447,Quinine
Isip_Quinine_3 CHECK_0_0_2543,Quinine
Isip_Quinine_3 CHECK_0_0_2778,Quinine
Isip_Quinine_3 CHECK_0_0_3185,Quinine
Isip_Quinine_3 CHECK_0_0_7844,Quinine
Isip_Quinine_3 CHECK_0_0_9394,Quinine
Isip_Rituximab_1 CHECK_0_0_1447,Rituximab
Isip_Rituximab_1 CHECK_0_0_2543,Rituximab
Isip_Rituximab_1 CHECK_0_0_2778,Rituximab
Isip_Rituximab_1 CHECK_0_0_3185,Rituximab
Isip_Rituximab_1 CHECK_0_0_7844,Rituximab
Isip_Rituximab_1 CHECK_0_0_9394,Rituximab
Isip_Rituximab_2 CHECK_0_0_1447,Rituximab
Isip_Rituximab_2 CHECK_0_0_2543,Rituximab
Isip_Rituximab_2 CHECK_0_0_2778,Rituximab
Isip_Rituximab_2 CHECK_0_0_3185,Rituximab
Isip_Rituximab_2 CHECK_0_0_7844,Rituximab
Isip_Rituximab_2 CHECK_0_0_9394,Rituximab
Isip_Tramadol_1 CHECK_0_0_1447,Tramadol
Isip_Tramadol_1 CHECK_0_0_2543,Tramadol
Isip_Tramadol_1 CHECK_0_0_2778,Tramadol
Isip_Tramadol_1 CHECK_0_0_3185,Tramadol
Isip_Tramadol_1 CHECK_0_0_7844,Tramadol
Isip_Tramadol_1 CHECK_0_0_9394,Tramadol
Isip_Tramadol_3 CHECK_0_0_1447,Tramadol
Isip_Tramadol_3 CHECK_0_0_2543,Tramadol
Isip_Tramadol_3 CHECK_0_0_2778,Tramadol
Isip_Tramadol_3 CHECK_0_0_3185,Tramadol
Isip_Tramadol_3 CHECK_0_0_7844,Tramadol
Isip_Tramadol_3 CHECK_0_0_9394,Tramadol
Lim_Azathioprine_2_0_0_1447,Azathioprine
Lim_Azathioprine_2_0_0_2543,Azathioprine
Lim_Azathioprine_2_0_0_2778,Azathioprine
Lim_Azathioprine_2_0_0_3185,Azathioprine
Lim_Azathioprine_2_0_0_7844,Azathioprine
Lim_Azathioprine_2_0_0_9394,Azathioprine
Lim_Chlorpromazine_2_0_0_1447,Chlorpromazine
Lim_Chlorpromazine_2_0_0_2543,Chlorpromazine
Lim_Chlorpromazine_2_0_0_2778,Chlorpromazine
Lim_Chlorpromazine_2_0_0_3185,Chlorpromazine
Lim_Chlorpromazine_2_0_0_7844,Chlorpromazine
Lim_Chlorpromazine_2_0_0_9394,Chlorpromazine
Lim_Hydroxyzine_1_0_0_1447,Hydroxyzine
Lim_Hydroxyzine_1_0_0_2543,Hydroxyzine
Lim_Hydroxyzine_1_0_0_2778,Hydroxyzine
Lim_Hydroxyzine_1_0_0_3185,Hydroxyzine
Lim_Hydroxyzine_1_0_0_7844,Hydroxyzine
Lim_Hydroxyzine_1_0_0_9394,Hydroxyzine
Lim_Hydroxyzine_2_0_0_1447,Hydroxyzine
Lim_Hydroxyzine_2_0_0_2543,Hydroxyzine
Lim_Hydroxyzine_2_0_0_2778,Hydroxyzine
Lim_Hydroxyzine_2_0_0_3185,Hydroxyzine
Lim_Hydroxyzine_2_0_0_7844,Hydroxyzine
Lim_Hydroxyzine_2_0_0_9394,Hydroxyzine
Lim_Lorazepam_1_0_0_1447,Lorazepam
Lim_Lorazepam_1_0_0_2543,Lorazepam
Lim_Lorazepam_1_0_0_2778,Lorazepam
Lim_Lorazepam_1_0_0_3185,Lorazepam
Lim_Lorazepam_1_0_0_7844,Lorazepam
Lim_Lorazepam_1_0_0_9394,Lorazepam
Lim_Lorazepam_2_0_0_1447,Lorazepam
Lim_Lorazepam_2_0_0_2543,Lorazepam
Lim_Lorazepam_2_0_0_2778,Lorazepam
Lim_Lorazepam_2_0_0_3185,Lorazepam
Lim_Lorazepam_2_0_0_7844,Lorazepam
Lim_Lorazepam_2_0_0_9394,Lorazepam
Lim_Metronidazole_2_0_0_1447,Metronidazole
Lim_Metronidazole_2_0_0_2543,Metronidazole
Lim_Metronidazole_2_0_0_2778,Metronidazole
Lim_Metronidazole_2_0_0_3185,Metronidazole
Lim_Metronidazole_2_0_0_7844,Metronidazole
Lim_Metronidazole_2_0_0_9394,Metronidazole
Lim_Prednisolone_1_0_0_1447,Prednisolone
Lim_Prednisolone_1_0_0_2543,Prednisolone
Lim_Prednisolone_1_0_0_2778,Prednisolone
Lim_Prednisolone_1_0_0_3185,Prednisolone
Lim_Prednisolone_1_0_0_7844,Prednisolone
Lim_Prednisolone_1_0_0_9394,Prednisolone
Lim_Prednisolone_2_0_0_1447,Prednisolone
Lim_Prednisolone_2_0_0_2543,Prednisolone
Lim_Prednisolone_2_0_0_2778,Prednisolone
Lim_Prednisolone_2_0_0_3185,Prednisolone
Lim_Prednisolone_2_0_0_7844,Prednisolone
Lim_Prednisolone_2_0_0_9394,Prednisolone
Lim_Risperidone_1_0_0_1447,Risperidone
Lim_Risperidone_1_0_0_2543,Risperidone
Lim_Risperidone_1_0_0_2778,Risperidone
Lim_Risperidone_1_0_0_3185,Risperidone
Lim_Risperidone_1_0_0_7844,Risperidone
Lim_Risperidone_1_0_0_9394,Risperidone
Lim_Risperidone_2_0_0_1447,Risperidone
Lim_Risperidone_2_0_0_2543,Risperidone
Lim_Risperidone_2_0_0_2778,Risperidone
Lim_Risperidone_2_0_0_3185,Risperidone
Lim_Risperidone_2_0_0_7844,Risperidone
Lim_Risperidone_2_0_0_9394,Risperidone
Lim_Rituximab_1_0_0_1447,Rituximab
Lim_Rituximab_1_0_0_2543,Rituximab
Lim_Rituximab_1_0_0_2778,Rituximab
Lim_Rituximab_1_0_0_3185,Rituximab
Lim_Rituximab_1_0_0_7844,Rituximab
Lim_Rituximab_1_0_0_9394,Rituximab
Lim_Rituximab_2_0_0_1447,Rituximab
Lim_Rituximab_2_0_0_2543,Rituximab
Lim_Rituximab_2_0_0_2778,Rituximab
Lim_Rituximab_2_0_0_3185,Rituximab
Lim_Rituximab_2_0_0_7844,Rituximab
Lim_Rituximab_2_0_0_9394,Rituximab
Lim_Tramadol_1_0_0_1447,Tramadol
Lim_Tramadol_1_0_0_2543,Tramadol
Lim_Tramadol_1_0_0_2778,Tramadol
Lim_Tramadol_1_0_0_3185,Tramadol
Lim_Tramadol_1_0_0_7844,Tramadol
Lim_Tramadol_1_0_0_9394,Tramadol
Lim_Tramadol_2_0_0_1447,Tramadol
Lim_Tramadol_2_0_0_2543,Tramadol
Lim_Tramadol_2_0_0_2778,Tramadol
Lim_Tramadol_2_0_0_3185,Tramadol
Lim_Tramadol_2_0_0_7844,Tramadol
Lim_Tramadol_2_0_0_9394,Tramadol
PayuranGatchalian_Azathioprine_1 CHECK_0_0_1447,Azathioprine
PayuranGatchalian_Azathioprine_1 CHECK_0_0_2543,Azathioprine
PayuranGatchalian_Azathioprine_1 CHECK_0_0_2778,Azathioprine
PayuranGatchalian_Azathioprine_1 CHECK_0_0_3185,Azathioprine
PayuranGatchalian_Azathioprine_1 CHECK_0_0_7844,Azathioprine
PayuranGatchalian_Azathioprine_1 CHECK_0_0_9394,Azathioprine
PayuranGatchalian_Azathioprine_2 CHECK_0_0_1447,Azathioprine
PayuranGatchalian_Azathioprine_2 CHECK_0_0_2543,Azathioprine
PayuranGatchalian_Azathioprine_2 CHECK_0_0_2778,Azathioprine
PayuranGatchalian_Azathioprine_2 CHECK_0_0_3185,Azathioprine
PayuranGatchalian_Azathioprine_2 CHECK_0_0_7844,Azathioprine
PayuranGatchalian_Azathioprine_2 CHECK_0_0_9394,Azathioprine
PayuranGatchalian_Azathioprine_3 CHECK_0_0_1447,Azathioprine
PayuranGatchalian_Azathioprine_3 CHECK_0_0_2543,Azathioprine
PayuranGatchalian_Azathioprine_3 CHECK_0_0_2778,Azathioprine
PayuranGatchalian_Azathioprine_3 CHECK_0_0_3185,Azathioprine
PayuranGatchalian_Azathioprine_3 CHECK_0_0_7844,Azathioprine
PayuranGatchalian_Azathioprine_3 CHECK_0_0_9394,Azathioprine
PayuranGatchalian_Ceftriaxone_1 CHECK_0_0_1447,Ceftriaxone
PayuranGatchalian_Ceftriaxone_1 CHECK_0_0_2543,Ceftriaxone
PayuranGatchalian_Ceftriaxone_1 CHECK_0_0_2778,Ceftriaxone
PayuranGatchalian_Ceftriaxone_1 CHECK_0_0_3185,Ceftriaxone
PayuranGatchalian_Ceftriaxone_1 CHECK_0_0_7844,Ceftriaxone
PayuranGatchalian_Ceftriaxone_1 CHECK_0_0_9394,Ceftriaxone
PayuranGatchalian_Chlorpromazine_1 CHECK_0_0_1447,Chlorpromazine
PayuranGatchalian_Chlorpromazine_1 CHECK_0_0_2543,Chlorpromazine
PayuranGatchalian_Chlorpromazine_1 CHECK_0_0_2778,Chlorpromazine
PayuranGatchalian_Chlorpromazine_1 CHECK_0_0_3185,Chlorpromazine
PayuranGatchalian_Chlorpromazine_1 CHECK_0_0_7844,Chlorpromazine
PayuranGatchalian_Chlorpromazine_1 CHECK_0_0_9394,Chlorpromazine
PayuranGatchalian_Chlorpromazine_2 CHECK_0_0_1447,Chlorpromazine
PayuranGatchalian_Chlorpromazine_2 CHECK_0_0_2543,Chlorpromazine
PayuranGatchalian_Chlorpromazine_2 CHECK_0_0_2778,Chlorpromazine
PayuranGatchalian_Chlorpromazine_2 CHECK_0_0_3185,Chlorpromazine
PayuranGatchalian_Chlorpromazine_2 CHECK_0_0_7844,Chlorpromazine
PayuranGatchalian_Chlorpromazine_2 CHECK_0_0_9394,Chlorpromazine
PayuranGatchalian_Chlorpromazine_3 CHECK_0_0_1447,Chlorpromazine
PayuranGatchalian_Chlorpromazine_3 CHECK_0_0_2543,Chlorpromazine
PayuranGatchalian_Chlorpromazine_3 CHECK_0_0_2778,Chlorpromazine
PayuranGatchalian_Chlorpromazine_3 CHECK_0_0_3185,Chlorpromazine
PayuranGatchalian_Chlorpromazine_3 CHECK_0_0_7844,Chlorpromazine
PayuranGatchalian_Chlorpromazine_3 CHECK_0_0_9394,Chlorpromazine
PayuranGatchalian_Hydroxyzine_1_0_0_1447,Hydroxyzine
PayuranGatchalian_Hydroxyzine_1_0_0_2543,Hydroxyzine
PayuranGatchalian_Hydroxyzine_1_0_0_2778,Hydroxyzine
PayuranGatchalian_Hydroxyzine_1_0_0_3185,Hydroxyzine
PayuranGatchalian_Hydroxyzine_1_0_0_7844,Hydroxyzine
PayuranGatchalian_Hydroxyzine_1_0_0_9394,Hydroxyzine
PayuranGatchalian_Hydroxyzine_2 CHECK_0_0_1447,Hydroxyzine
PayuranGatchalian_Hydroxyzine_2 CHECK_0_0_2543,Hydroxyzine
PayuranGatchalian_Hydroxyzine_2 CHECK_0_0_2778,Hydroxyzine
PayuranGatchalian_Hydroxyzine_2 CHECK_0_0_3185,Hydroxyzine
PayuranGatchalian_Hydroxyzine_2 CHECK_0_0_7844,Hydroxyzine
PayuranGatchalian_Hydroxyzine_2 CHECK_0_0_9394,Hydroxyzine
PayuranGatchalian_Hydroxyzine_3_0_0_1447,Hydroxyzine
PayuranGatchalian_Hydroxyzine_3_0_0_2543,Hydroxyzine
PayuranGatchalian_Hydroxyzine_3_0_0_2778,Hydroxyzine
PayuranGatchalian_Hydroxyzine_3_0_0_3185,Hydroxyzine
PayuranGatchalian_Hydroxyzine_3_0_0_7844,Hydroxyzine
PayuranGatchalian_Hydroxyzine_3_0_0_9394,Hydroxyzine
PayuranGatchalian_Lorazepam_1 CHECK_0_0_1447,Lorazepam
PayuranGatchalian_Lorazepam_1 CHECK_0_0_2543,Lorazepam
PayuranGatchalian_Lorazepam_1 CHECK_0_0_2778,Lorazepam
PayuranGatchalian_Lorazepam_1 CHECK_0_0_3185,Lorazepam
PayuranGatchalian_Lorazepam_1 CHECK_0_0_7844,Lorazepam
PayuranGatchalian_Lorazepam_1 CHECK_0_0_9394,Lorazepam
PayuranGatchalian_Lorazepam_3 CHECK _0_0_1447,Lorazepam
PayuranGatchalian_Lorazepam_3 CHECK _0_0_2543,Lorazepam
PayuranGatchalian_Lorazepam_3 CHECK _0_0_2778,Lorazepam
PayuranGatchalian_Lorazepam_3 CHECK _0_0_3185,Lorazepam
PayuranGatchalian_Lorazepam_3 CHECK _0_0_7844,Lorazepam
PayuranGatchalian_Lorazepam_3 CHECK _0_0_9394,Lorazepam
PayuranGatchalian_Metronidazole_1 CHECK_0_0_1447,Metronidazole
PayuranGatchalian_Metronidazole_1 CHECK_0_0_2543,Metronidazole
PayuranGatchalian_Metronidazole_1 CHECK_0_0_2778,Metronidazole
PayuranGatchalian_Metronidazole_1 CHECK_0_0_3185,Metronidazole
PayuranGatchalian_Metronidazole_1 CHECK_0_0_7844,Metronidazole
PayuranGatchalian_Metronidazole_1 CHECK_0_0_9394,Metronidazole
PayuranGatchalian_Metronidazole_2 CHECK_0_0_1447,Metronidazole
PayuranGatchalian_Metronidazole_2 CHECK_0_0_2543,Metronidazole
PayuranGatchalian_Metronidazole_2 CHECK_0_0_2778,Metronidazole
PayuranGatchalian_Metronidazole_2 CHECK_0_0_3185,Metronidazole
PayuranGatchalian_Metronidazole_2 CHECK_0_0_7844,Metronidazole
PayuranGatchalian_Metronidazole_2 CHECK_0_0_9394,Metronidazole
PayuranGatchalian_Metronidazole_3 CHECK_0_0_1447,Metronidazole
PayuranGatchalian_Metronidazole_3 CHECK_0_0_2543,Metronidazole
PayuranGatchalian_Metronidazole_3 CHECK_0_0_2778,Metronidazole
PayuranGatchalian_Metronidazole_3 CHECK_0_0_3185,Metronidazole
PayuranGatchalian_Metronidazole_3 CHECK_0_0_7844,Metronidazole
PayuranGatchalian_Metronidazole_3 CHECK_0_0_9394,Metronidazole
PayuranGatchalian_Prednisolone_2_0_0_1447,Prednisolone
PayuranGatchalian_Prednisolone_2_0_0_2543,Prednisolone
PayuranGatchalian_Prednisolone_2_0_0_2778,Prednisolone
PayuranGatchalian_Prednisolone_2_0_0_3185,Prednisolone
PayuranGatchalian_Prednisolone_2_0_0_7844,Prednisolone
PayuranGatchalian_Prednisolone_2_0_0_9394,Prednisolone
PayuranGatchalian_Prednisolone_3 CHECK_0_0_1447,Prednisolone
PayuranGatchalian_Prednisolone_3 CHECK_0_0_2543,Prednisolone
PayuranGatchalian_Prednisolone_3 CHECK_0_0_2778,Prednisolone
PayuranGatchalian_Prednisolone_3 CHECK_0_0_3185,Prednisolone
PayuranGatchalian_Prednisolone_3 CHECK_0_0_7844,Prednisolone
PayuranGatchalian_Prednisolone_3 CHECK_0_0_9394,Prednisolone
PayuranGatchalian_Quinine_1 CHECK_0_0_1447,Quinine
PayuranGatchalian_Quinine_1 CHECK_0_0_2543,Quinine
PayuranGatchalian_Quinine_1 CHECK_0_0_2778,Quinine
PayuranGatchalian_Quinine_1 CHECK_0_0_3185,Quinine
PayuranGatchalian_Quinine_1 CHECK_0_0_7844,Quinine
PayuranGatchalian_Quinine_1 CHECK_0_0_9394,Quinine
PayuranGatchalian_Quinine_2 CHECK_0_0_1447,Quinine
PayuranGatchalian_Quinine_2 CHECK_0_0_2543,Quinine
PayuranGatchalian_Quinine_2 CHECK_0_0_2778,Quinine
PayuranGatchalian_Quinine_2 CHECK_0_0_3185,Quinine
PayuranGatchalian_Quinine_2 CHECK_0_0_7844,Quinine
PayuranGatchalian_Quinine_2 CHECK_0_0_9394,Quinine
PayuranGatchalian_Quinine_3 CHECK_0_0_1447,Quinine
PayuranGatchalian_Quinine_3 CHECK_0_0_2543,Quinine
PayuranGatchalian_Quinine_3 CHECK_0_0_2778,Quinine
PayuranGatchalian_Quinine_3 CHECK_0_0_3185,Quinine
PayuranGatchalian_Quinine_3 CHECK_0_0_7844,Quinine
PayuranGatchalian_Quinine_3 CHECK_0_0_9394,Quinine
PayuranGatchalian_Risperidone_1_0_0_1447,Risperidone
PayuranGatchalian_Risperidone_1_0_0_2543,Risperidone
PayuranGatchalian_Risperidone_1_0_0_2778,Risperidone
PayuranGatchalian_Risperidone_1_0_0_3185,Risperidone
PayuranGatchalian_Risperidone_1_0_0_7844,Risperidone
PayuranGatchalian_Risperidone_1_0_0_9394,Risperidone
PayuranGatchalian_Risperidone_2_0_0_1447,Risperidone
PayuranGatchalian_Risperidone_2_0_0_2543,Risperidone
PayuranGatchalian_Risperidone_2_0_0_2778,Risperidone
PayuranGatchalian_Risperidone_2_0_0_3185,Risperidone
PayuranGatchalian_Risperidone_2_0_0_7844,Risperidone
PayuranGatchalian_Risperidone_2_0_0_9394,Risperidone
PayuranGatchalian_Risperidone_3_0_0_1447,Risperidone
PayuranGatchalian_Risperidone_3_0_0_2543,Risperidone
PayuranGatchalian_Risperidone_3_0_0_2778,Risperidone
PayuranGatchalian_Risperidone_3_0_0_3185,Risperidone
PayuranGatchalian_Risperidone_3_0_0_7844,Risperidone
PayuranGatchalian_Risperidone_3_0_0_9394,Risperidone
PayuranGatchalian_Rituximab_2_0_0_1447,Rituximab
PayuranGatchalian_Rituximab_2_0_0_2543,Rituximab
PayuranGatchalian_Rituximab_2_0_0_2778,Rituximab
PayuranGatchalian_Rituximab_2_0_0_3185,Rituximab
PayuranGatchalian_Rituximab_2_0_0_7844,Rituximab
PayuranGatchalian_Rituximab_2_0_0_9394,Rituximab
PayuranGatchalian_Tramadol_1_0_0_1447,Tramadol
PayuranGatchalian_Tramadol_1_0_0_2543,Tramadol
PayuranGatchalian_Tramadol_1_0_0_2778,Tramadol
PayuranGatchalian_Tramadol_1_0_0_3185,Tramadol
PayuranGatchalian_Tramadol_1_0_0_7844,Tramadol
PayuranGatchalian_Tramadol_1_0_0_9394,Tramadol
PayuranGatchalian_Tramadol_3 CHECK_0_0_1447,Tramadol
PayuranGatchalian_Tramadol_3 CHECK_0_0_2543,Tramadol
PayuranGatchalian_Tramadol_3 CHECK_0_0_2778,Tramadol
PayuranGatchalian_Tramadol_3 CHECK_0_0_3185,Tramadol
PayuranGatchalian_Tramadol_3 CHECK_0_0_7844,Tramadol
PayuranGatchalian_Tramadol_3 CHECK_0_0_9394,Tramadol
Ragab_Azathioprine_2 CHECK_0_0_1447,Azathioprine
Ragab_Azathioprine_2 CHECK_0_0_2543,Azathioprine
Ragab_Azathioprine_2 CHECK_0_0_2778,Azathioprine
Ragab_Azathioprine_2 CHECK_0_0_3185,Azathioprine
Ragab_Azathioprine_2 CHECK_0_0_7844,Azathioprine
Ragab_Azathioprine_2 CHECK_0_0_9394,Azathioprine
Ragab_Azathioprine_3 CHECK_0_0_1447,Azathioprine
Ragab_Azathioprine_3 CHECK_0_0_2543,Azathioprine
Ragab_Azathioprine_3 CHECK_0_0_2778,Azathioprine
Ragab_Azathioprine_3 CHECK_0_0_3185,Azathioprine
Ragab_Azathioprine_3 CHECK_0_0_7844,Azathioprine
Ragab_Azathioprine_3 CHECK_0_0_9394,Azathioprine
Ragab_Ceftriaxone_3_0_0_1447,Ceftriaxone
Ragab_Ceftriaxone_3_0_0_2543,Ceftriaxone
Ragab_Ceftriaxone_3_0_0_2778,Ceftriaxone
Ragab_Ceftriaxone_3_0_0_3185,Ceftriaxone
Ragab_Ceftriaxone_3_0_0_7844,Ceftriaxone
Ragab_Ceftriaxone_3_0_0_9394,Ceftriaxone
Ragab_Chlorpromazine_1 CHECK_0_0_1447,Chlorpromazine
Ragab_Chlorpromazine_1 CHECK_0_0_2543,Chlorpromazine
Ragab_Chlorpromazine_1 CHECK_0_0_2778,Chlorpromazine
Ragab_Chlorpromazine_1 CHECK_0_0_3185,Chlorpromazine
Ragab_Chlorpromazine_1 CHECK_0_0_7844,Chlorpromazine
Ragab_Chlorpromazine_1 CHECK_0_0_9394,Chlorpromazine
Ragab_Chlorpromazine_2 CHECK_0_0_1447,Chlorpromazine
Ragab_Chlorpromazine_2 CHECK_0_0_2543,Chlorpromazine
Ragab_Chlorpromazine_2 CHECK_0_0_2778,Chlorpromazine
Ragab_Chlorpromazine_2 CHECK_0_0_3185,Chlorpromazine
Ragab_Chlorpromazine_2 CHECK_0_0_7844,Chlorpromazine
Ragab_Chlorpromazine_2 CHECK_0_0_9394,Chlorpromazine
Ragab_Chlorpromazine_3 CHECK_0_0_1447,Chlorpromazine
Ragab_Chlorpromazine_3 CHECK_0_0_2543,Chlorpromazine
Ragab_Chlorpromazine_3 CHECK_0_0_2778,Chlorpromazine
Ragab_Chlorpromazine_3 CHECK_0_0_3185,Chlorpromazine
Ragab_Chlorpromazine_3 CHECK_0_0_7844,Chlorpromazine
Ragab_Chlorpromazine_3 CHECK_0_0_9394,Chlorpromazine
Ragab_Dobutamine_1_0_0_1447,Dobutamine
Ragab_Dobutamine_1_0_0_2543,Dobutamine
Ragab_Dobutamine_1_0_0_2778,Dobutamine
Ragab_Dobutamine_1_0_0_3185,Dobutamine
Ragab_Dobutamine_1_0_0_7844,Dobutamine
Ragab_Dobutamine_1_0_0_9394,Dobutamine
Ragab_Hydroxyzine_3_0_0_1447,Hydroxyzine
Ragab_Hydroxyzine_3_0_0_2543,Hydroxyzine
Ragab_Hydroxyzine_3_0_0_2778,Hydroxyzine
Ragab_Hydroxyzine_3_0_0_3185,Hydroxyzine
Ragab_Hydroxyzine_3_0_0_7844,Hydroxyzine
Ragab_Hydroxyzine_3_0_0_9394,Hydroxyzine
Ragab_Lorazepam_2 CHECK_0_0_1447,Lorazepam
Ragab_Lorazepam_2 CHECK_0_0_2543,Lorazepam
Ragab_Lorazepam_2 CHECK_0_0_2778,Lorazepam
Ragab_Lorazepam_2 CHECK_0_0_3185,Lorazepam
Ragab_Lorazepam_2 CHECK_0_0_7844,Lorazepam
Ragab_Lorazepam_2 CHECK_0_0_9394,Lorazepam
Ragab_Metronidazole_1 CHECK_0_0_1447,Metronidazole
Ragab_Metronidazole_1 CHECK_0_0_2543,Metronidazole
Ragab_Metronidazole_1 CHECK_0_0_2778,Metronidazole
Ragab_Metronidazole_1 CHECK_0_0_3185,Metronidazole
Ragab_Metronidazole_1 CHECK_0_0_7844,Metronidazole
Ragab_Metronidazole_1 CHECK_0_0_9394,Metronidazole
Ragab_Metronidazole_2 CHECK_0_0_1447,Metronidazole
Ragab_Metronidazole_2 CHECK_0_0_2543,Metronidazole
Ragab_Metronidazole_2 CHECK_0_0_2778,Metronidazole
Ragab_Metronidazole_2 CHECK_0_0_3185,Metronidazole
Ragab_Metronidazole_2 CHECK_0_0_7844,Metronidazole
Ragab_Metronidazole_2 CHECK_0_0_9394,Metronidazole
Ragab_Metronidazole_3 CHECK_0_0_1447,Metronidazole
Ragab_Metronidazole_3 CHECK_0_0_2543,Metronidazole
Ragab_Metronidazole_3 CHECK_0_0_2778,Metronidazole
Ragab_Metronidazole_3 CHECK_0_0_3185,Metronidazole
Ragab_Metronidazole_3 CHECK_0_0_7844,Metronidazole
Ragab_Metronidazole_3 CHECK_0_0_9394,Metronidazole
Ragab_Prednisolone_1_0_0_1447,Prednisolone
Ragab_Prednisolone_1_0_0_2543,Prednisolone
Ragab_Prednisolone_1_0_0_2778,Prednisolone
Ragab_Prednisolone_1_0_0_3185,Prednisolone
Ragab_Prednisolone_1_0_0_7844,Prednisolone
Ragab_Prednisolone_1_0_0_9394,Prednisolone
Ragab_Prednisolone_2_0_0_1447,Prednisolone
Ragab_Prednisolone_2_0_0_2543,Prednisolone
Ragab_Prednisolone_2_0_0_2778,Prednisolone
Ragab_Prednisolone_2_0_0_3185,Prednisolone
Ragab_Prednisolone_2_0_0_7844,Prednisolone
Ragab_Prednisolone_2_0_0_9394,Prednisolone
Ragab_Prednisolone_3_0_0_1447,Prednisolone
Ragab_Prednisolone_3_0_0_2543,Prednisolone
Ragab_Prednisolone_3_0_0_2778,Prednisolone
Ragab_Prednisolone_3_0_0_3185,Prednisolone
Ragab_Prednisolone_3_0_0_7844,Prednisolone
Ragab_Prednisolone_3_0_0_9394,Prednisolone
Ragab_Quinine_2 CHECK_0_0_1447,Quinine
Ragab_Quinine_2 CHECK_0_0_2543,Quinine
Ragab_Quinine_2 CHECK_0_0_2778,Quinine
Ragab_Quinine_2 CHECK_0_0_3185,Quinine
Ragab_Quinine_2 CHECK_0_0_7844,Quinine
Ragab_Quinine_2 CHECK_0_0_9394,Quinine
Ragab_Quinine_3 CHECK_0_0_1447,Quinine
Ragab_Quinine_3 CHECK_0_0_2543,Quinine
Ragab_Quinine_3 CHECK_0_0_2778,Quinine
Ragab_Quinine_3 CHECK_0_0_3185,Quinine
Ragab_Quinine_3 CHECK_0_0_7844,Quinine
Ragab_Quinine_3 CHECK_0_0_9394,Quinine
Ragab_Rituximab_2_0_0_1447,Rituximab
Ragab_Rituximab_2_0_0_2543,Rituximab
Ragab_Rituximab_2_0_0_2778,Rituximab
Ragab_Rituximab_2_0_0_3185,Rituximab
Ragab_Rituximab_2_0_0_7844,Rituximab
Ragab_Rituximab_2_0_0_9394,Rituximab
Ragab_Rituximab_3_0_0_1447,Rituximab
Ragab_Rituximab_3_0_0_2543,Rituximab
Ragab_Rituximab_3_0_0_2778,Rituximab
Ragab_Rituximab_3_0_0_3185,Rituximab
Ragab_Rituximab_3_0_0_7844,Rituximab
Ragab_Rituximab_3_0_0_9394,Rituximab
Ragab_Tramadol_2_0_0_1447,Tramadol
Ragab_Tramadol_2_0_0_2543,Tramadol
Ragab_Tramadol_2_0_0_2778,Tramadol
Ragab_Tramadol_2_0_0_3185,Tramadol
Ragab_Tramadol_2_0_0_7844,Tramadol
Ragab_Tramadol_2_0_0_9394,Tramadol
Ragab_Tramadol_3_0_0_1447,Tramadol
Ragab_Tramadol_3_0_0_2543,Tramadol
Ragab_Tramadol_3_0_0_2778,Tramadol
Ragab_Tramadol_3_0_0_3185,Tramadol
Ragab_Tramadol_3_0_0_7844,Tramadol
Ragab_Tramadol_3_0_0_9394,Tramadol
Revecho_Azathioprine_2 CHECK_0_0_1447,Azathioprine
Revecho_Azathioprine_2 CHECK_0_0_2543,Azathioprine
Revecho_Azathioprine_2 CHECK_0_0_2778,Azathioprine
Revecho_Azathioprine_2 CHECK_0_0_3185,Azathioprine
Revecho_Azathioprine_2 CHECK_0_0_7844,Azathioprine
Revecho_Azathioprine_2 CHECK_0_0_9394,Azathioprine
Revecho_Azathioprine_3 CHECK_0_0_1447,Azathioprine
Revecho_Azathioprine_3 CHECK_0_0_2543,Azathioprine
Revecho_Azathioprine_3 CHECK_0_0_2778,Azathioprine
Revecho_Azathioprine_3 CHECK_0_0_3185,Azathioprine
Revecho_Azathioprine_3 CHECK_0_0_7844,Azathioprine
Revecho_Azathioprine_3 CHECK_0_0_9394,Azathioprine
Revecho_Ceftriaxone_1_0_0_1447,Ceftriaxone
Revecho_Ceftriaxone_1_0_0_2543,Ceftriaxone
Revecho_Ceftriaxone_1_0_0_2778,Ceftriaxone
Revecho_Ceftriaxone_1_0_0_3185,Ceftriaxone
Revecho_Ceftriaxone_1_0_0_7844,Ceftriaxone
Revecho_Ceftriaxone_1_0_0_9394,Ceftriaxone
Revecho_Ceftriaxone_2 CHECK_0_0_1447,Ceftriaxone
Revecho_Ceftriaxone_2 CHECK_0_0_2543,Ceftriaxone
Revecho_Ceftriaxone_2 CHECK_0_0_2778,Ceftriaxone
Revecho_Ceftriaxone_2 CHECK_0_0_3185,Ceftriaxone
Revecho_Ceftriaxone_2 CHECK_0_0_7844,Ceftriaxone
Revecho_Ceftriaxone_2 CHECK_0_0_9394,Ceftriaxone
Revecho_Ceftriaxone_3 CHECK_0_0_1447,Ceftriaxone
Revecho_Ceftriaxone_3 CHECK_0_0_2543,Ceftriaxone
Revecho_Ceftriaxone_3 CHECK_0_0_2778,Ceftriaxone
Revecho_Ceftriaxone_3 CHECK_0_0_3185,Ceftriaxone
Revecho_Ceftriaxone_3 CHECK_0_0_7844,Ceftriaxone
Revecho_Ceftriaxone_3 CHECK_0_0_9394,Ceftriaxone
Revecho_Chlorpromazine_1_0_0_1447,Chlorpromazine
Revecho_Chlorpromazine_1_0_0_2543,Chlorpromazine
Revecho_Chlorpromazine_1_0_0_2778,Chlorpromazine
Revecho_Chlorpromazine_1_0_0_3185,Chlorpromazine
Revecho_Chlorpromazine_1_0_0_7844,Chlorpromazine
Revecho_Chlorpromazine_1_0_0_9394,Chlorpromazine
Revecho_Dobutamine_1_0_0_1447,Dobutamine
Revecho_Dobutamine_1_0_0_2543,Dobutamine
Revecho_Dobutamine_1_0_0_2778,Dobutamine
Revecho_Dobutamine_1_0_0_3185,Dobutamine
Revecho_Dobutamine_1_0_0_7844,Dobutamine
Revecho_Dobutamine_1_0_0_9394,Dobutamine
Revecho_Dobutamine_2 CHECK_0_0_1447,Dobutamine
Revecho_Dobutamine_2 CHECK_0_0_2543,Dobutamine
Revecho_Dobutamine_2 CHECK_0_0_2778,Dobutamine
Revecho_Dobutamine_2 CHECK_0_0_3185,Dobutamine
Revecho_Dobutamine_2 CHECK_0_0_7844,Dobutamine
Revecho_Dobutamine_2 CHECK_0_0_9394,Dobutamine
Revecho_Dobutamine_3 CHECK_0_0_1447,Dobutamine
Revecho_Dobutamine_3 CHECK_0_0_2543,Dobutamine
Revecho_Dobutamine_3 CHECK_0_0_2778,Dobutamine
Revecho_Dobutamine_3 CHECK_0_0_3185,Dobutamine
Revecho_Dobutamine_3 CHECK_0_0_7844,Dobutamine
Revecho_Dobutamine_3 CHECK_0_0_9394,Dobutamine
Revecho_Hydroxyzine_1_0_0_1447,Hydroxyzine
Revecho_Hydroxyzine_1_0_0_2543,Hydroxyzine
Revecho_Hydroxyzine_1_0_0_2778,Hydroxyzine
Revecho_Hydroxyzine_1_0_0_3185,Hydroxyzine
Revecho_Hydroxyzine_1_0_0_7844,Hydroxyzine
Revecho_Hydroxyzine_1_0_0_9394,Hydroxyzine
Revecho_Hydroxyzine_2_0_0_1447,Hydroxyzine
Revecho_Hydroxyzine_2_0_0_2543,Hydroxyzine
Revecho_Hydroxyzine_2_0_0_2778,Hydroxyzine
Revecho_Hydroxyzine_2_0_0_3185,Hydroxyzine
Revecho_Hydroxyzine_2_0_0_7844,Hydroxyzine
Revecho_Hydroxyzine_2_0_0_9394,Hydroxyzine
Revecho_Hydroxyzine_3_0_0_1447,Hydroxyzine
Revecho_Hydroxyzine_3_0_0_2543,Hydroxyzine
Revecho_Hydroxyzine_3_0_0_2778,Hydroxyzine
Revecho_Hydroxyzine_3_0_0_3185,Hydroxyzine
Revecho_Hydroxyzine_3_0_0_7844,Hydroxyzine
Revecho_Hydroxyzine_3_0_0_9394,Hydroxyzine
Revecho_Lorazepam_2_0_0_1447,Lorazepam
Revecho_Lorazepam_2_0_0_2543,Lorazepam
Revecho_Lorazepam_2_0_0_2778,Lorazepam
Revecho_Lorazepam_2_0_0_3185,Lorazepam
Revecho_Lorazepam_2_0_0_7844,Lorazepam
Revecho_Lorazepam_2_0_0_9394,Lorazepam
Revecho_Lorazepam_3 CHECK_0_0_1447,Lorazepam
Revecho_Lorazepam_3 CHECK_0_0_2543,Lorazepam
Revecho_Lorazepam_3 CHECK_0_0_2778,Lorazepam
Revecho_Lorazepam_3 CHECK_0_0_3185,Lorazepam
Revecho_Lorazepam_3 CHECK_0_0_7844,Lorazepam
Revecho_Lorazepam_3 CHECK_0_0_9394,Lorazepam
Revecho_Metronidazole_1_0_0_1447,Metronidazole
Revecho_Metronidazole_1_0_0_2543,Metronidazole
Revecho_Metronidazole_1_0_0_2778,Metronidazole
Revecho_Metronidazole_1_0_0_3185,Metronidazole
Revecho_Metronidazole_1_0_0_7844,Metronidazole
Revecho_Metronidazole_1_0_0_9394,Metronidazole
Revecho_Metronidazole_3 CHECK_0_0_1447,Metronidazole
Revecho_Metronidazole_3 CHECK_0_0_2543,Metronidazole
Revecho_Metronidazole_3 CHECK_0_0_2778,Metronidazole
Revecho_Metronidazole_3 CHECK_0_0_3185,Metronidazole
Revecho_Metronidazole_3 CHECK_0_0_7844,Metronidazole
Revecho_Metronidazole_3 CHECK_0_0_9394,Metronidazole
Revecho_Prednisolone_2 CHECK_0_0_1447,Prednisolone
Revecho_Prednisolone_2 CHECK_0_0_2543,Prednisolone
Revecho_Prednisolone_2 CHECK_0_0_2778,Prednisolone
Revecho_Prednisolone_2 CHECK_0_0_3185,Prednisolone
Revecho_Prednisolone_2 CHECK_0_0_7844,Prednisolone
Revecho_Prednisolone_2 CHECK_0_0_9394,Prednisolone
Revecho_Prednisolone_3 CHECK_0_0_1447,Prednisolone
Revecho_Prednisolone_3 CHECK_0_0_2543,Prednisolone
Revecho_Prednisolone_3 CHECK_0_0_2778,Prednisolone
Revecho_Prednisolone_3 CHECK_0_0_3185,Prednisolone
Revecho_Prednisolone_3 CHECK_0_0_7844,Prednisolone
Revecho_Prednisolone_3 CHECK_0_0_9394,Prednisolone
Revecho_Quinine_1_0_0_1447,Quinine
Revecho_Quinine_1_0_0_2543,Quinine
Revecho_Quinine_1_0_0_2778,Quinine
Revecho_Quinine_1_0_0_3185,Quinine
Revecho_Quinine_1_0_0_7844,Quinine
Revecho_Quinine_1_0_0_9394,Quinine
Revecho_Quinine_2 CHECK_0_0_1447,Quinine
Revecho_Quinine_2 CHECK_0_0_2543,Quinine
Revecho_Quinine_2 CHECK_0_0_2778,Quinine
Revecho_Quinine_2 CHECK_0_0_3185,Quinine
Revecho_Quinine_2 CHECK_0_0_7844,Quinine
Revecho_Quinine_2 CHECK_0_0_9394,Quinine
Revecho_Quinine_3 CHECK_0_0_1447,Quinine
Revecho_Quinine_3 CHECK_0_0_2543,Quinine
Revecho_Quinine_3 CHECK_0_0_2778,Quinine
Revecho_Quinine_3 CHECK_0_0_3185,Quinine
Revecho_Quinine_3 CHECK_0_0_7844,Quinine
Revecho_Quinine_3 CHECK_0_0_9394,Quinine
Revecho_Risperidone_1_0_0_1447,Risperidone
Revecho_Risperidone_1_0_0_2543,Risperidone
Revecho_Risperidone_1_0_0_2778,Risperidone
Revecho_Risperidone_1_0_0_3185,Risperidone
Revecho_Risperidone_1_0_0_7844,Risperidone
Revecho_Risperidone_1_0_0_9394,Risperidone
Revecho_Risperidone_3 CHECK_0_0_1447,Risperidone
Revecho_Risperidone_3 CHECK_0_0_2543,Risperidone
Revecho_Risperidone_3 CHECK_0_0_2778,Risperidone
Revecho_Risperidone_3 CHECK_0_0_3185,Risperidone
Revecho_Risperidone_3 CHECK_0_0_7844,Risperidone
Revecho_Risperidone_3 CHECK_0_0_9394,Risperidone
Revecho_Rituximab_1_0_0_1447,Rituximab
Revecho_Rituximab_1_0_0_2543,Rituximab
Revecho_Rituximab_1_0_0_2778,Rituximab
Revecho_Rituximab_1_0_0_3185,Rituximab
Revecho_Rituximab_1_0_0_7844,Rituximab
Revecho_Rituximab_1_0_0_9394,Rituximab
Revecho_Rituximab_3 CHECK_0_0_1447,Rituximab
Revecho_Rituximab_3 CHECK_0_0_2543,Rituximab
Revecho_Rituximab_3 CHECK_0_0_2778,Rituximab
Revecho_Rituximab_3 CHECK_0_0_3185,Rituximab
Revecho_Rituximab_3 CHECK_0_0_7844,Rituximab
Revecho_Rituximab_3 CHECK_0_0_9394,Rituximab
Revecho_Tramadol_2 CHECK_0_0_1447,Tramadol
Revecho_Tramadol_2 CHECK_0_0_2543,Tramadol
Revecho_Tramadol_2 CHECK_0_0_2778,Tramadol
Revecho_Tramadol_2 CHECK_0_0_3185,Tramadol
Revecho_Tramadol_2 CHECK_0_0_7844,Tramadol
Revecho_Tramadol_2 CHECK_0_0_9394,Tramadol
Samilin_Azathioprine_2 CHECK_0_0_1447,Azathioprine
Samilin_Azathioprine_2 CHECK_0_0_2543,Azathioprine
Samilin_Azathioprine_2 CHECK_0_0_2778,Azathioprine
Samilin_Azathioprine_2 CHECK_0_0_3185,Azathioprine
Samilin_Azathioprine_2 CHECK_0_0_7844,Azathioprine
Samilin_Azathioprine_2 CHECK_0_0_9394,Azathioprine
Samilin_Azathioprine_3 CHECK_0_0_1447,Azathioprine
Samilin_Azathioprine_3 CHECK_0_0_2543,Azathioprine
Samilin_Azathioprine_3 CHECK_0_0_2778,Azathioprine
Samilin_Azathioprine_3 CHECK_0_0_3185,Azathioprine
Samilin_Azathioprine_3 CHECK_0_0_7844,Azathioprine
Samilin_Azathioprine_3 CHECK_0_0_9394,Azathioprine
Samilin_Ceftriaxone_1 CHECK_0_0_1447,Ceftriaxone
Samilin_Ceftriaxone_1 CHECK_0_0_2543,Ceftriaxone
Samilin_Ceftriaxone_1 CHECK_0_0_2778,Ceftriaxone
Samilin_Ceftriaxone_1 CHECK_0_0_3185,Ceftriaxone
Samilin_Ceftriaxone_1 CHECK_0_0_7844,Ceftriaxone
Samilin_Ceftriaxone_1 CHECK_0_0_9394,Ceftriaxone
Samilin_Ceftriaxone_2 CHECK_0_0_1447,Ceftriaxone
Samilin_Ceftriaxone_2 CHECK_0_0_2543,Ceftriaxone
Samilin_Ceftriaxone_2 CHECK_0_0_2778,Ceftriaxone
Samilin_Ceftriaxone_2 CHECK_0_0_3185,Ceftriaxone
Samilin_Ceftriaxone_2 CHECK_0_0_7844,Ceftriaxone
Samilin_Ceftriaxone_2 CHECK_0_0_9394,Ceftriaxone
Samilin_Ceftriaxone_3 CHECK_0_0_1447,Ceftriaxone
Samilin_Ceftriaxone_3 CHECK_0_0_2543,Ceftriaxone
Samilin_Ceftriaxone_3 CHECK_0_0_2778,Ceftriaxone
Samilin_Ceftriaxone_3 CHECK_0_0_3185,Ceftriaxone
Samilin_Ceftriaxone_3 CHECK_0_0_7844,Ceftriaxone
Samilin_Ceftriaxone_3 CHECK_0_0_9394,Ceftriaxone
Samilin_Chlorpromazine_1 CHECK_0_0_1447,Chlorpromazine
Samilin_Chlorpromazine_1 CHECK_0_0_2543,Chlorpromazine
Samilin_Chlorpromazine_1 CHECK_0_0_2778,Chlorpromazine
Samilin_Chlorpromazine_1 CHECK_0_0_3185,Chlorpromazine
Samilin_Chlorpromazine_1 CHECK_0_0_7844,Chlorpromazine
Samilin_Chlorpromazine_1 CHECK_0_0_9394,Chlorpromazine
Samilin_Chlorpromazine_2 CHECK_0_0_1447,Chlorpromazine
Samilin_Chlorpromazine_2 CHECK_0_0_2543,Chlorpromazine
Samilin_Chlorpromazine_2 CHECK_0_0_2778,Chlorpromazine
Samilin_Chlorpromazine_2 CHECK_0_0_3185,Chlorpromazine
Samilin_Chlorpromazine_2 CHECK_0_0_7844,Chlorpromazine
Samilin_Chlorpromazine_2 CHECK_0_0_9394,Chlorpromazine
Samilin_Dobutamine_1 CHECK_0_0_1447,Dobutamine
Samilin_Dobutamine_1 CHECK_0_0_2543,Dobutamine
Samilin_Dobutamine_1 CHECK_0_0_2778,Dobutamine
Samilin_Dobutamine_1 CHECK_0_0_3185,Dobutamine
Samilin_Dobutamine_1 CHECK_0_0_7844,Dobutamine
Samilin_Dobutamine_1 CHECK_0_0_9394,Dobutamine
Samilin_Dobutamine_3 CHECK_0_0_1447,Dobutamine
Samilin_Dobutamine_3 CHECK_0_0_2543,Dobutamine
Samilin_Dobutamine_3 CHECK_0_0_2778,Dobutamine
Samilin_Dobutamine_3 CHECK_0_0_3185,Dobutamine
Samilin_Dobutamine_3 CHECK_0_0_7844,Dobutamine
Samilin_Dobutamine_3 CHECK_0_0_9394,Dobutamine
Samilin_Hydroxyzine_1 CHECK_0_0_1447,Hydroxyzine
Samilin_Hydroxyzine_1 CHECK_0_0_2543,Hydroxyzine
Samilin_Hydroxyzine_1 CHECK_0_0_2778,Hydroxyzine
Samilin_Hydroxyzine_1 CHECK_0_0_3185,Hydroxyzine
Samilin_Hydroxyzine_1 CHECK_0_0_7844,Hydroxyzine
Samilin_Hydroxyzine_1 CHECK_0_0_9394,Hydroxyzine
Samilin_Hydroxyzine_2 CHECK_0_0_1447,Hydroxyzine
Samilin_Hydroxyzine_2 CHECK_0_0_2543,Hydroxyzine
Samilin_Hydroxyzine_2 CHECK_0_0_2778,Hydroxyzine
Samilin_Hydroxyzine_2 CHECK_0_0_3185,Hydroxyzine
Samilin_Hydroxyzine_2 CHECK_0_0_7844,Hydroxyzine
Samilin_Hydroxyzine_2 CHECK_0_0_9394,Hydroxyzine
Samilin_Lorazepam_3 CHECK_0_0_1447,Lorazepam
Samilin_Lorazepam_3 CHECK_0_0_2543,Lorazepam
Samilin_Lorazepam_3 CHECK_0_0_2778,Lorazepam
Samilin_Lorazepam_3 CHECK_0_0_3185,Lorazepam
Samilin_Lorazepam_3 CHECK_0_0_7844,Lorazepam
Samilin_Lorazepam_3 CHECK_0_0_9394,Lorazepam
Samilin_Metronidazole_1 CHECK_0_0_1447,Metronidazole
Samilin_Metronidazole_1 CHECK_0_0_2543,Metronidazole
Samilin_Metronidazole_1 CHECK_0_0_2778,Metronidazole
Samilin_Metronidazole_1 CHECK_0_0_3185,Metronidazole
Samilin_Metronidazole_1 CHECK_0_0_7844,Metronidazole
Samilin_Metronidazole_1 CHECK_0_0_9394,Metronidazole
Samilin_Metronidazole_2 CHECK_0_0_1447,Metronidazole
Samilin_Metronidazole_2 CHECK_0_0_2543,Metronidazole
Samilin_Metronidazole_2 CHECK_0_0_2778,Metronidazole
Samilin_Metronidazole_2 CHECK_0_0_3185,Metronidazole
Samilin_Metronidazole_2 CHECK_0_0_7844,Metronidazole
Samilin_Metronidazole_2 CHECK_0_0_9394,Metronidazole
Samilin_Prednisolone_1 CHECK_0_0_1447,Prednisolone
Samilin_Prednisolone_1 CHECK_0_0_2543,Prednisolone
Samilin_Prednisolone_1 CHECK_0_0_2778,Prednisolone
Samilin_Prednisolone_1 CHECK_0_0_3185,Prednisolone
Samilin_Prednisolone_1 CHECK_0_0_7844,Prednisolone
Samilin_Prednisolone_1 CHECK_0_0_9394,Prednisolone
Samilin_Quinine_2 CHECK_0_0_1447,Quinine
Samilin_Quinine_2 CHECK_0_0_2543,Quinine
Samilin_Quinine_2 CHECK_0_0_2778,Quinine
Samilin_Quinine_2 CHECK_0_0_3185,Quinine
Samilin_Quinine_2 CHECK_0_0_7844,Quinine
Samilin_Quinine_2 CHECK_0_0_9394,Quinine
Samilin_Quinine_3 CHECK_0_0_1447,Quinine
Samilin_Quinine_3 CHECK_0_0_2543,Quinine
Samilin_Quinine_3 CHECK_0_0_2778,Quinine
Samilin_Quinine_3 CHECK_0_0_3185,Quinine
Samilin_Quinine_3 CHECK_0_0_7844,Quinine
Samilin_Quinine_3 CHECK_0_0_9394,Quinine
Samilin_Risperidone_1 CHECK_0_0_1447,Risperidone
Samilin_Risperidone_1 CHECK_0_0_2543,Risperidone
Samilin_Risperidone_1 CHECK_0_0_2778,Risperidone
Samilin_Risperidone_1 CHECK_0_0_3185,Risperidone
Samilin_Risperidone_1 CHECK_0_0_7844,Risperidone
Samilin_Risperidone_1 CHECK_0_0_9394,Risperidone
Samilin_Risperidone_2 CHECK_0_0_1447,Risperidone
Samilin_Risperidone_2 CHECK_0_0_2543,Risperidone
Samilin_Risperidone_2 CHECK_0_0_2778,Risperidone
Samilin_Risperidone_2 CHECK_0_0_3185,Risperidone
Samilin_Risperidone_2 CHECK_0_0_7844,Risperidone
Samilin_Risperidone_2 CHECK_0_0_9394,Risperidone
Samilin_Rituximab_1 CHECK_0_0_1447,Rituximab
Samilin_Rituximab_1 CHECK_0_0_2543,Rituximab
Samilin_Rituximab_1 CHECK_0_0_2778,Rituximab
Samilin_Rituximab_1 CHECK_0_0_3185,Rituximab
Samilin_Rituximab_1 CHECK_0_0_7844,Rituximab
Samilin_Rituximab_1 CHECK_0_0_9394,Rituximab
Samilin_Rituximab_2 CHECK_0_0_1447,Rituximab
Samilin_Rituximab_2 CHECK_0_0_2543,Rituximab
Samilin_Rituximab_2 CHECK_0_0_2778,Rituximab
Samilin_Rituximab_2 CHECK_0_0_3185,Rituximab
Samilin_Rituximab_2 CHECK_0_0_7844,Rituximab
Samilin_Rituximab_2 CHECK_0_0_9394,Rituximab
Samilin_Rituximab_3 CHECK_0_0_1447,Rituximab
Samilin_Rituximab_3 CHECK_0_0_2543,Rituximab
Samilin_Rituximab_3 CHECK_0_0_2778,Rituximab
Samilin_Rituximab_3 CHECK_0_0_3185,Rituximab
Samilin_Rituximab_3 CHECK_0_0_7844,Rituximab
Samilin_Rituximab_3 CHECK_0_0_9394,Rituximab
Samilin_Tramadol_2 CHECK_0_0_1447,Tramadol
Samilin_Tramadol_2 CHECK_0_0_2543,Tramadol
Samilin_Tramadol_2 CHECK_0_0_2778,Tramadol
Samilin_Tramadol_2 CHECK_0_0_3185,Tramadol
Samilin_Tramadol_2 CHECK_0_0_7844,Tramadol
Samilin_Tramadol_2 CHECK_0_0_9394,Tramadol
Samilin_Tramadol_3 CHECK_0_0_1447,Tramadol
Samilin_Tramadol_3 CHECK_0_0_2543,Tramadol
Samilin_Tramadol_3 CHECK_0_0_2778,Tramadol
Samilin_Tramadol_3 CHECK_0_0_3185,Tramadol
Samilin_Tramadol_3 CHECK_0_0_7844,Tramadol
Samilin_Tramadol_3 CHECK_0_0_9394,Tramadol
Yenson_Azathioprine_1 CHECK_0_0_1447,Azathioprine
Yenson_Azathioprine_1 CHECK_0_0_2543,Azathioprine
Yenson_Azathioprine_1 CHECK_0_0_2778,Azathioprine
Yenson_Azathioprine_1 CHECK_0_0_3185,Azathioprine
Yenson_Azathioprine_1 CHECK_0_0_7844,Azathioprine
Yenson_Azathioprine_1 CHECK_0_0_9394,Azathioprine
Yenson_Azathioprine_2 CHECK_0_0_1447,Azathioprine
Yenson_Azathioprine_2 CHECK_0_0_2543,Azathioprine
Yenson_Azathioprine_2 CHECK_0_0_2778,Azathioprine
Yenson_Azathioprine_2 CHECK_0_0_3185,Azathioprine
Yenson_Azathioprine_2 CHECK_0_0_7844,Azathioprine
Yenson_Azathioprine_2 CHECK_0_0_9394,Azathioprine
Yenson_Azathioprine_3 CHECK_0_0_1447,Azathioprine
Yenson_Azathioprine_3 CHECK_0_0_2543,Azathioprine
Yenson_Azathioprine_3 CHECK_0_0_2778,Azathioprine
Yenson_Azathioprine_3 CHECK_0_0_3185,Azathioprine
Yenson_Azathioprine_3 CHECK_0_0_7844,Azathioprine
Yenson_Azathioprine_3 CHECK_0_0_9394,Azathioprine
Yenson_Ceftriaxone_1_0_0_1447,Ceftriaxone
Yenson_Ceftriaxone_1_0_0_2543,Ceftriaxone
Yenson_Ceftriaxone_1_0_0_2778,Ceftriaxone
Yenson_Ceftriaxone_1_0_0_3185,Ceftriaxone
Yenson_Ceftriaxone_1_0_0_7844,Ceftriaxone
Yenson_Ceftriaxone_1_0_0_9394,Ceftriaxone
Yenson_Ceftriaxone_2 CHECK_0_0_1447,Ceftriaxone
Yenson_Ceftriaxone_2 CHECK_0_0_2543,Ceftriaxone
Yenson_Ceftriaxone_2 CHECK_0_0_2778,Ceftriaxone
Yenson_Ceftriaxone_2 CHECK_0_0_3185,Ceftriaxone
Yenson_Ceftriaxone_2 CHECK_0_0_7844,Ceftriaxone
Yenson_Ceftriaxone_2 CHECK_0_0_9394,Ceftriaxone
Yenson_Chlorpromazine_3 CHECK_0_0_1447,Chlorpromazine
Yenson_Chlorpromazine_3 CHECK_0_0_2543,Chlorpromazine
Yenson_Chlorpromazine_3 CHECK_0_0_2778,Chlorpromazine
Yenson_Chlorpromazine_3 CHECK_0_0_3185,Chlorpromazine
Yenson_Chlorpromazine_3 CHECK_0_0_7844,Chlorpromazine
Yenson_Chlorpromazine_3 CHECK_0_0_9394,Chlorpromazine
Yenson_Dobutamine_2_0_0_1447,Dobutamine
Yenson_Dobutamine_2_0_0_2543,Dobutamine
Yenson_Dobutamine_2_0_0_2778,Dobutamine
Yenson_Dobutamine_2_0_0_3185,Dobutamine
Yenson_Dobutamine_2_0_0_7844,Dobutamine
Yenson_Dobutamine_2_0_0_9394,Dobutamine
Yenson_Dobutamine_3_0_0_1447,Dobutamine
Yenson_Dobutamine_3_0_0_2543,Dobutamine
Yenson_Dobutamine_3_0_0_2778,Dobutamine
Yenson_Dobutamine_3_0_0_3185,Dobutamine
Yenson_Dobutamine_3_0_0_7844,Dobutamine
Yenson_Dobutamine_3_0_0_9394,Dobutamine
Yenson_Hydroxyzine_1_0_0_1447,Hydroxyzine
Yenson_Hydroxyzine_1_0_0_2543,Hydroxyzine
Yenson_Hydroxyzine_1_0_0_2778,Hydroxyzine
Yenson_Hydroxyzine_1_0_0_3185,Hydroxyzine
Yenson_Hydroxyzine_1_0_0_7844,Hydroxyzine
Yenson_Hydroxyzine_1_0_0_9394,Hydroxyzine
Yenson_Hydroxyzine_2_0_0_1447,Hydroxyzine
Yenson_Hydroxyzine_2_0_0_2543,Hydroxyzine
Yenson_Hydroxyzine_2_0_0_2778,Hydroxyzine
Yenson_Hydroxyzine_2_0_0_3185,Hydroxyzine
Yenson_Hydroxyzine_2_0_0_7844,Hydroxyzine
Yenson_Hydroxyzine_2_0_0_9394,Hydroxyzine
Yenson_Lorazepam_1 CHECK_0_0_1447,Lorazepam
Yenson_Lorazepam_1 CHECK_0_0_2543,Lorazepam
Yenson_Lorazepam_1 CHECK_0_0_2778,Lorazepam
Yenson_Lorazepam_1 CHECK_0_0_3185,Lorazepam
Yenson_Lorazepam_1 CHECK_0_0_7844,Lorazepam
Yenson_Lorazepam_1 CHECK_0_0_9394,Lorazepam
Yenson_Lorazepam_2 CHECK_0_0_1447,Lorazepam
Yenson_Lorazepam_2 CHECK_0_0_2543,Lorazepam
Yenson_Lorazepam_2 CHECK_0_0_2778,Lorazepam
Yenson_Lorazepam_2 CHECK_0_0_3185,Lorazepam
Yenson_Lorazepam_2 CHECK_0_0_7844,Lorazepam
Yenson_Lorazepam_2 CHECK_0_0_9394,Lorazepam
Yenson_Metronidazole_2 CHECK_0_0_1447,Metronidazole
Yenson_Metronidazole_2 CHECK_0_0_2543,Metronidazole
Yenson_Metronidazole_2 CHECK_0_0_2778,Metronidazole
Yenson_Metronidazole_2 CHECK_0_0_3185,Metronidazole
Yenson_Metronidazole_2 CHECK_0_0_7844,Metronidazole
Yenson_Metronidazole_2 CHECK_0_0_9394,Metronidazole
Yenson_Prednisolone_1_0_0_1447,Prednisolone
Yenson_Prednisolone_1_0_0_2543,Prednisolone
Yenson_Prednisolone_1_0_0_2778,Prednisolone
Yenson_Prednisolone_1_0_0_3185,Prednisolone
Yenson_Prednisolone_1_0_0_7844,Prednisolone
Yenson_Prednisolone_1_0_0_9394,Prednisolone
Yenson_Prednisolone_2_0_0_1447,Prednisolone
Yenson_Prednisolone_2_0_0_2543,Prednisolone
Yenson_Prednisolone_2_0_0_2778,Prednisolone
Yenson_Prednisolone_2_0_0_3185,Prednisolone
Yenson_Prednisolone_2_0_0_7844,Prednisolone
Yenson_Prednisolone_2_0_0_9394,Prednisolone
Yenson_Quinine_3 CHECK_0_0_1447,Quinine
Yenson_Quinine_3 CHECK_0_0_2543,Quinine
Yenson_Quinine_3 CHECK_0_0_2778,Quinine
Yenson_Quinine_3 CHECK_0_0_3185,Quinine
Yenson_Quinine_3 CHECK_0_0_7844,Quinine
Yenson_Quinine_3 CHECK_0_0_9394,Quinine
Yenson_Risperidone_1_0_0_1447,Risperidone
Yenson_Risperidone_1_0_0_2543,Risperidone
Yenson_Risperidone_1_0_0_2778,Risperidone
Yenson_Risperidone_1_0_0_3185,Risperidone
Yenson_Risperidone_1_0_0_7844,Risperidone
Yenson_Risperidone_1_0_0_9394,Risperidone
Yenson_Risperidone_2_0_0_1447,Risperidone
Yenson_Risperidone_2_0_0_2543,Risperidone
Yenson_Risperidone_2_0_0_2778,Risperidone
Yenson_Risperidone_2_0_0_3185,Risperidone
Yenson_Risperidone_2_0_0_7844,Risperidone
Yenson_Risperidone_2_0_0_9394,Risperidone
Yenson_Rituximab_1_0_0_1447,Rituximab
Yenson_Rituximab_1_0_0_2543,Rituximab
Yenson_Rituximab_1_0_0_2778,Rituximab
Yenson_Rituximab_1_0_0_3185,Rituximab
Yenson_Rituximab_1_0_0_7844,Rituximab
Yenson_Rituximab_1_0_0_9394,Rituximab
Yenson_Rituximab_2_0_0_1447,Rituximab
Yenson_Rituximab_2_0_0_2543,Rituximab
Yenson_Rituximab_2_0_0_2778,Rituximab
Yenson_Rituximab_2_0_0_3185,Rituximab
Yenson_Rituximab_2_0_0_7844,Rituximab
Yenson_Rituximab_2_0_0_9394,Rituximab
Yenson_Rituximab_3_0_0_1447,Rituximab
Yenson_Rituximab_3_0_0_2543,Rituximab
Yenson_Rituximab_3_0_0_2778,Rituximab
Yenson_Rituximab_3_0_0_3185,Rituximab
Yenson_Rituximab_3_0_0_7844,Rituximab
Yenson_Rituximab_3_0_0_9394,Rituximab
Yenson_Tramadol_1 CHECK_0_0_1447,Tramadol
Yenson_Tramadol_1 CHECK_0_0_2543,Tramadol
Yenson_Tramadol_1 CHECK_0_0_2778,Tramadol
Yenson_Tramadol_1 CHECK_0_0_3185,Tramadol
Yenson_Tramadol_1 CHECK_0_0_7844,Tramadol
Yenson_Tramadol_1 CHECK_0_0_9394,Tramadol
Yopo_Azathioprine_1_0_0_1447,Azathioprine
Yopo_Azathioprine_1_0_0_2543,Azathioprine
Yopo_Azathioprine_1_0_0_2778,Azathioprine
Yopo_Azathioprine_1_0_0_3185,Azathioprine
Yopo_Azathioprine_1_0_0_7844,Azathioprine
Yopo_Azathioprine_1_0_0_9394,Azathioprine
Yopo_Azathioprine_2 CHECK_0_0_1447,Azathioprine
Yopo_Azathioprine_2 CHECK_0_0_2543,Azathioprine
Yopo_Azathioprine_2 CHECK_0_0_2778,Azathioprine
Yopo_Azathioprine_2 CHECK_0_0_3185,Azathioprine
Yopo_Azathioprine_2 CHECK_0_0_7844,Azathioprine
Yopo_Azathioprine_2 CHECK_0_0_9394,Azathioprine
Yopo_Ceftriaxone_1_0_0_1447,Ceftriaxone
Yopo_Ceftriaxone_1_0_0_2543,Ceftriaxone
Yopo_Ceftriaxone_1_0_0_2778,Ceftriaxone
Yopo_Ceftriaxone_1_0_0_3185,Ceftriaxone
Yopo_Ceftriaxone_1_0_0_7844,Ceftriaxone
Yopo_Ceftriaxone_1_0_0_9394,Ceftriaxone
Yopo_Chlorpromazine_1_0_0_1447,Chlorpromazine
Yopo_Chlorpromazine_1_0_0_2543,Chlorpromazine
Yopo_Chlorpromazine_1_0_0_2778,Chlorpromazine
Yopo_Chlorpromazine_1_0_0_3185,Chlorpromazine
Yopo_Chlorpromazine_1_0_0_7844,Chlorpromazine
Yopo_Chlorpromazine_1_0_0_9394,Chlorpromazine
Yopo_Chlorpromazine_2_0_0_1447,Chlorpromazine
Yopo_Chlorpromazine_2_0_0_2543,Chlorpromazine
Yopo_Chlorpromazine_2_0_0_2778,Chlorpromazine
Yopo_Chlorpromazine_2_0_0_3185,Chlorpromazine
Yopo_Chlorpromazine_2_0_0_7844,Chlorpromazine
Yopo_Chlorpromazine_2_0_0_9394,Chlorpromazine
Yopo_Chlorpromazine_3_0_0_1447,Chlorpromazine
Yopo_Chlorpromazine_3_0_0_2543,Chlorpromazine
Yopo_Chlorpromazine_3_0_0_2778,Chlorpromazine
Yopo_Chlorpromazine_3_0_0_3185,Chlorpromazine
Yopo_Chlorpromazine_3_0_0_7844,Chlorpromazine
Yopo_Chlorpromazine_3_0_0_9394,Chlorpromazine
Yopo_Dobutamine_2 CHECK_0_0_1447,Dobutamine
Yopo_Dobutamine_2 CHECK_0_0_2543,Dobutamine
Yopo_Dobutamine_2 CHECK_0_0_2778,Dobutamine
Yopo_Dobutamine_2 CHECK_0_0_3185,Dobutamine
Yopo_Dobutamine_2 CHECK_0_0_7844,Dobutamine
Yopo_Dobutamine_2 CHECK_0_0_9394,Dobutamine
Yopo_Dobutamine_3_0_0_1447,Dobutamine
Yopo_Dobutamine_3_0_0_2543,Dobutamine
Yopo_Dobutamine_3_0_0_2778,Dobutamine
Yopo_Dobutamine_3_0_0_3185,Dobutamine
Yopo_Dobutamine_3_0_0_7844,Dobutamine
Yopo_Dobutamine_3_0_0_9394,Dobutamine
Yopo_Hydroxyzine_1_0_0_1447,Hydroxyzine
Yopo_Hydroxyzine_1_0_0_2543,Hydroxyzine
Yopo_Hydroxyzine_1_0_0_2778,Hydroxyzine
Yopo_Hydroxyzine_1_0_0_3185,Hydroxyzine
Yopo_Hydroxyzine_1_0_0_7844,Hydroxyzine
Yopo_Hydroxyzine_1_0_0_9394,Hydroxyzine
Yopo_Hydroxyzine_2_0_0_1447,Hydroxyzine
Yopo_Hydroxyzine_2_0_0_2543,Hydroxyzine
Yopo_Hydroxyzine_2_0_0_2778,Hydroxyzine
Yopo_Hydroxyzine_2_0_0_3185,Hydroxyzine
Yopo_Hydroxyzine_2_0_0_7844,Hydroxyzine
Yopo_Hydroxyzine_2_0_0_9394,Hydroxyzine
Yopo_Lorazepam_1_0_0_1447,Lorazepam
Yopo_Lorazepam_1_0_0_2543,Lorazepam
Yopo_Lorazepam_1_0_0_2778,Lorazepam
Yopo_Lorazepam_1_0_0_3185,Lorazepam
Yopo_Lorazepam_1_0_0_7844,Lorazepam
Yopo_Lorazepam_1_0_0_9394,Lorazepam
Yopo_Lorazepam_3_0_0_1447,Lorazepam
Yopo_Lorazepam_3_0_0_2543,Lorazepam
Yopo_Lorazepam_3_0_0_2778,Lorazepam
Yopo_Lorazepam_3_0_0_3185,Lorazepam
Yopo_Lorazepam_3_0_0_7844,Lorazepam
Yopo_Lorazepam_3_0_0_9394,Lorazepam
Yopo_Metronidazole_2 CHECK_0_0_1447,Metronidazole
Yopo_Metronidazole_2 CHECK_0_0_2543,Metronidazole
Yopo_Metronidazole_2 CHECK_0_0_2778,Metronidazole
Yopo_Metronidazole_2 CHECK_0_0_3185,Metronidazole
Yopo_Metronidazole_2 CHECK_0_0_7844,Metronidazole
Yopo_Metronidazole_2 CHECK_0_0_9394,Metronidazole
Yopo_Prednisolone_1_0_0_1447,Prednisolone
Yopo_Prednisolone_1_0_0_2543,Prednisolone
Yopo_Prednisolone_1_0_0_2778,Prednisolone
Yopo_Prednisolone_1_0_0_3185,Prednisolone
Yopo_Prednisolone_1_0_0_7844,Prednisolone
Yopo_Prednisolone_1_0_0_9394,Prednisolone
Yopo_Risperidone_1_0_0_1447,Risperidone
Yopo_Risperidone_1_0_0_2543,Risperidone
Yopo_Risperidone_1_0_0_2778,Risperidone
Yopo_Risperidone_1_0_0_3185,Risperidone
Yopo_Risperidone_1_0_0_7844,Risperidone
Yopo_Risperidone_1_0_0_9394,Risperidone
Yopo_Risperidone_2_0_0_1447,Risperidone
Yopo_Risperidone_2_0_0_2543,Risperidone
Yopo_Risperidone_2_0_0_2778,Risperidone
Yopo_Risperidone_2_0_0_3185,Risperidone
Yopo_Risperidone_2_0_0_7844,Risperidone
Yopo_Risperidone_2_0_0_9394,Risperidone
Yopo_Rituximab_1_0_0_1447,Rituximab
Yopo_Rituximab_1_0_0_2543,Rituximab
Yopo_Rituximab_1_0_0_2778,Rituximab
Yopo_Rituximab_1_0_0_3185,Rituximab
Yopo_Rituximab_1_0_0_7844,Rituximab
Yopo_Rituximab_1_0_0_9394,Rituximab
Yopo_Rituximab_3_0_0_1447,Rituximab
Yopo_Rituximab_3_0_0_2543,Rituximab
Yopo_Rituximab_3_0_0_2778,Rituximab
Yopo_Rituximab_3_0_0_3185,Rituximab
Yopo_Rituximab_3_0_0_7844,Rituximab
Yopo_Rituximab_3_0_0_9394,Rituximab
Yopo_Tramadol_1_0_0_1447,Tramadol
Yopo_Tramadol_1_0_0_2543,Tramadol
Yopo_Tramadol_1_0_0_2778,Tramadol
Yopo_Tramadol_1_0_0_3185,Tramadol
Yopo_Tramadol_1_0_0_7844,Tramadol
Yopo_Tramadol_1_0_0_9394,Tramadol
Yopo_Tramadol_2_0_0_1447,Tramadol
Yopo_Tramadol_2_0_0_2543,Tramadol
Yopo_Tramadol_2_0_0_2778,Tramadol
Yopo_Tramadol_2_0_0_3185,Tramadol
Yopo_Tramadol_2_0_0_7844,Tramadol
Yopo_Tramadol_2_0_0_9394,Tramadol
Yopo_Tramadol_3_0_0_1447,Tramadol
Yopo_Tramadol_3_0_0_2543,Tramadol
Yopo_Tramadol_3_0_0_2778,Tramadol
Yopo_Tramadol_3_0_0_3185,Tramadol
Yopo_Tramadol_3_0_0_7844,Tramadol
Yopo_Tramadol_3_0_0_9394,Tramadol
Zialcita_Azathioprine_1 CHECK_0_0_1447,Azathioprine
Zialcita_Azathioprine_1 CHECK_0_0_2543,Azathioprine
Zialcita_Azathioprine_1 CHECK_0_0_2778,Azathioprine
Zialcita_Azathioprine_1 CHECK_0_0_3185,Azathioprine
Zialcita_Azathioprine_1 CHECK_0_0_7844,Azathioprine
Zialcita_Azathioprine_1 CHECK_0_0_9394,Azathioprine
Zialcita_Ceftriaxone_2 CHECK_0_0_1447,Ceftriaxone
Zialcita_Ceftriaxone_2 CHECK_0_0_2543,Ceftriaxone
Zialcita_Ceftriaxone_2 CHECK_0_0_2778,Ceftriaxone
Zialcita_Ceftriaxone_2 CHECK_0_0_3185,Ceftriaxone
Zialcita_Ceftriaxone_2 CHECK_0_0_7844,Ceftriaxone
Zialcita_Ceftriaxone_2 CHECK_0_0_9394,Ceftriaxone
Zialcita_Dobutamine_1 CHECK_0_0_1447,Dobutamine
Zialcita_Dobutamine_1 CHECK_0_0_2543,Dobutamine
Zialcita_Dobutamine_1 CHECK_0_0_2778,Dobutamine
Zialcita_Dobutamine_1 CHECK_0_0_3185,Dobutamine
Zialcita_Dobutamine_1 CHECK_0_0_7844,Dobutamine
Zialcita_Dobutamine_1 CHECK_0_0_9394,Dobutamine
Zialcita_Dobutamine_2 CHECK_0_0_1447,Dobutamine
Zialcita_Dobutamine_2 CHECK_0_0_2543,Dobutamine
Zialcita_Dobutamine_2 CHECK_0_0_2778,Dobutamine
Zialcita_Dobutamine_2 CHECK_0_0_3185,Dobutamine
Zialcita_Dobutamine_2 CHECK_0_0_7844,Dobutamine
Zialcita_Dobutamine_2 CHECK_0_0_9394,Dobutamine
Zialcita_Hydroxyzine_2 CHECK_0_0_1447,Hydroxyzine
Zialcita_Hydroxyzine_2 CHECK_0_0_2543,Hydroxyzine
Zialcita_Hydroxyzine_2 CHECK_0_0_2778,Hydroxyzine
Zialcita_Hydroxyzine_2 CHECK_0_0_3185,Hydroxyzine
Zialcita_Hydroxyzine_2 CHECK_0_0_7844,Hydroxyzine
Zialcita_Hydroxyzine_2 CHECK_0_0_9394,Hydroxyzine
Zialcita_Lorazepam_1 CHECK_0_0_1447,Lorazepam
Zialcita_Lorazepam_1 CHECK_0_0_2543,Lorazepam
Zialcita_Lorazepam_1 CHECK_0_0_2778,Lorazepam
Zialcita_Lorazepam_1 CHECK_0_0_3185,Lorazepam
Zialcita_Lorazepam_1 CHECK_0_0_7844,Lorazepam
Zialcita_Lorazepam_1 CHECK_0_0_9394,Lorazepam
Zialcita_Metronidazole_2 CHECK_0_0_1447,Metronidazole
Zialcita_Metronidazole_2 CHECK_0_0_2543,Metronidazole
Zialcita_Metronidazole_2 CHECK_0_0_2778,Metronidazole
Zialcita_Metronidazole_2 CHECK_0_0_3185,Metronidazole
Zialcita_Metronidazole_2 CHECK_0_0_7844,Metronidazole
Zialcita_Metronidazole_2 CHECK_0_0_9394,Metronidazole
Zialcita_Prednisolone_1 CHECK_0_0_1447,Prednisolone
Zialcita_Prednisolone_1 CHECK_0_0_2543,Prednisolone
Zialcita_Prednisolone_1 CHECK_0_0_2778,Prednisolone
Zialcita_Prednisolone_1 CHECK_0_0_3185,Prednisolone
Zialcita_Prednisolone_1 CHECK_0_0_7844,Prednisolone
Zialcita_Prednisolone_1 CHECK_0_0_9394,Prednisolone
Zialcita_Risperidone_1 CHECK_0_0_1447,Risperidone
Zialcita_Risperidone_1 CHECK_0_0_2543,Risperidone
Zialcita_Risperidone_1 CHECK_0_0_2778,Risperidone
Zialcita_Risperidone_1 CHECK_0_0_3185,Risperidone
Zialcita_Risperidone_1 CHECK_0_0_7844,Risperidone
Zialcita_Risperidone_1 CHECK_0_0_9394,Risperidone
Zialcita_Risperidone_2 CHECK_0_0_1447,Risperidone
Zialcita_Risperidone_2 CHECK_0_0_2543,Risperidone
Zialcita_Risperidone_2 CHECK_0_0_2778,Risperidone
Zialcita_Risperidone_2 CHECK_0_0_3185,Risperidone
Zialcita_Risperidone_2 CHECK_0_0_7844,Risperidone
Zialcita_Risperidone_2 CHECK_0_0_9394,Risperidone
Zialcita_Tramadol_2 CHECK_0_0_1447,Tramadol
Zialcita_Tramadol_2 CHECK_0_0_2543,Tramadol
Zialcita_Tramadol_2 CHECK_0_0_2778,Tramadol
Zialcita_Tramadol_2 CHECK_0_0_3185,Tramadol
Zialcita_Tramadol_2 CHECK_0_0_7844,Tramadol
Zialcita_Tramadol_2 CHECK_0_0_9394,Tramadol
